Season,Rank,Institution,Conference,Accum Attendance,Avg Attendance,Stadium Capacity,Pct Capacity,Games
2018,1,Michigan,Big Ten,"775,156","110,737","107,601",102.91,7
2018,2,Penn St.,Big Ten,"738,396","105,485","106,572",98.98,7
2018,3,Ohio St.,Big Ten,"713,630","101,947","102,329",99.63,7
2018,4,Alabama,SEC,"710,931","101,562","101,821",99.75,7
2018,5,LSU,SEC,"705,733","100,819","102,321",98.53,7
2018,6,Texas A&M,SEC,"698,908","99,844","102,733",97.19,7
2018,7,Tennessee,SEC,"650,887","92,984","102,455",90.76,7
2018,8,Georgia,SEC,"649,222","92,746","92,746",100,7
2018,9,Nebraska,Big Ten,"623,240","89,034","87,091",102.23,7
2018,10,Oklahoma,Big 12,"607,146","86,735","83,489",103.89,7
2018,11,Auburn,SEC,"591,236","84,462","87,451",96.58,7
2018,12,Texas,Big 12,"586,277","97,713","100,119",97.6,6
2018,13,Florida,SEC,"576,299","82,328","88,548",92.98,7
2018,14,Clemson,ACC,"562,799","80,400","81,500",98.65,7
2018,15,Wisconsin,Big Ten,"540,072","77,153","80,321",96.06,7
2018,16,South Carolina,SEC,"515,396","73,628","80,250",91.75,7
2018,17,Michigan St.,Big Ten,"508,088","72,584","75,005",96.77,7
2018,18,Florida St.,ACC,"478,013","68,288","79,560",85.83,7
2018,19,Iowa,Big Ten,"476,302","68,043","70,585",96.4,7
2018,20,Notre Dame,FBS Independent,"465,732","77,622","80,795",96.07,6
2018,21,Virginia Tech,ACC,"417,019","59,574","65,632",90.77,7
2018,22,Washington,Pac-12,"414,405","69,068","70,138",98.47,6
2018,23,Mississippi St.,SEC,"406,401","58,057","61,337",94.65,7
2018,24,NC State,ACC,"397,982","56,855","57,600",98.71,7
2018,25,Iowa St.,Big 12,"392,072","56,010","61,500",91.07,7
2018,26,Ole Miss,SEC,"389,794","55,685","64,038",86.96,7
2018,27,Kentucky,SEC,"385,820","55,117","61,000",90.36,7
2018,28,Oklahoma St.,Big 12,"374,793","53,542","56,790",94.28,7
2018,29,Oregon,Pac-12,"371,114","53,016","54,000",98.18,7
2018,30,Miami (FL),ACC,"368,814","61,469","64,767",94.91,6
2018,31,Arkansas,SEC,"367,748","61,291","72,000",85.13,6
2018,32,Missouri,SEC,"360,261","51,466","60,168",85.54,7
2018,33,UCLA,Pac-12,"358,147","51,164","91,136",56.14,7
2018,34,Purdue,Big Ten,"357,839","51,120","57,236",89.31,7
2018,35,UCF,AAC,"352,148","44,019","44,206",99.58,8
2018,36,Louisville,ACC,"351,755","50,251","55,000",91.36,7
2018,37,West Virginia,Big 12,"348,947","58,158","60,000",96.93,6
2018,38,Kansas St.,Big 12,"348,165","49,738","50,000",99.48,7
2018,39,Texas Tech,Big 12,"336,203","56,034","60,454",92.69,6
2018,40,Southern California,Pac-12,"332,692","55,449","78,467",70.66,6
2018,41,Arizona,Pac-12,"318,051","45,436","53,646",84.7,7
2018,42,BYU,FBS Independent,"314,855","52,476","63,470",82.68,6
2018,43,Northwestern,Big Ten,"307,112","43,873","47,129",93.09,7
2018,44,California,Pac-12,"300,061","42,866","62,467",68.62,7
2018,45,Arizona St.,Pac-12,"291,091","48,515","64,248",75.51,6
2018,46,Indiana,Big Ten,"286,753","40,965","52,929",77.4,7
2018,47,Utah,Pac-12,"277,992","46,332","45,807",101.15,6
2018,48,Colorado,Pac-12,"274,852","45,809","50,183",91.28,6
2018,49,Minnesota,Big Ten,"265,407","37,915","50,805",74.63,7
2018,50,Rutgers,Big Ten,"264,596","37,799","52,454",72.06,7
2018,51,Boston College,ACC,"263,363","37,623","44,500",84.55,7
2018,52,Georgia Tech,ACC,"258,523","43,087","55,000",78.34,6
2018,53,TCU,Big 12,"257,205","42,868","45,000",95.26,6
2018,54,Pittsburgh,ACC,"250,178","41,696","68,400",60.96,6
2018,55,Baylor,Big 12,"248,017","41,336","45,140",91.57,6
2018,56,Virginia,ACC,"238,232","39,705","61,500",64.56,6
2018,57,Boise St.,MWC,"231,474","33,068","36,387",90.88,7
2018,58,South Fla.,AAC,"231,102","38,517","65,857",58.49,6
2018,59,East Carolina,AAC,"230,356","32,908","50,000",65.82,7
2018,60,Stanford,Pac-12,"227,052","37,842","50,000",75.68,6
2018,61,Syracuse,ACC,"222,260","37,043","49,262",75.2,6
2018,62,San Diego St.,MWC,"220,071","31,439","54,000",58.22,7
2018,63,North Carolina,ACC,"218,111","43,622","63,000",69.24,5
2018,64,Illinois,Big Ten,"216,907","36,151","60,670",59.59,6
2018,65,Oregon St.,Pac-12,"211,252","35,209","43,154",81.59,6
2018,66,Memphis,AAC,"211,247","30,178","58,318",51.75,7
2018,67,Washington St.,Pac-12,"210,637","30,091","32,740",91.91,7
2018,68,Hawaii,MWC,"205,455","25,682","50,000",51.36,8
2018,69,Maryland,Big Ten,"201,562","33,594","51,802",64.85,6
2018,70,Vanderbilt,SEC,"196,313","28,045","40,350",69.5,7
2018,71,Army West Point,FBS Independent,"190,156","31,693","38,000",83.4,6
2018,72,Fresno St.,MWC,"189,016","31,503","40,727",77.35,6
2018,73,Wake Forest,ACC,"187,892","26,842","31,500",85.21,7
2018,74,Cincinnati,AAC,"183,112","30,519","40,000",76.3,6
2018,75,Houston,AAC,"179,029","29,838","40,000",74.6,6
2018,76,Colorado St.,MWC,"177,025","29,504","36,500",80.83,6
2018,77,Temple,AAC,"170,821","28,470","69,596",40.91,6
2018,78,Air Force,MWC,"166,205","27,701","46,692",59.33,6
2018,79,Duke,ACC,"159,878","26,646","40,004",66.61,6
2018,80,Navy,AAC,"157,320","31,464","34,000",92.54,5
2018,81,Toledo,MAC,"149,462","21,352","26,244",81.36,7
2018,82,UTSA,C-USA,"148,257","24,710","36,582",67.55,6
2018,83,Troy,Sun Belt,"147,160","24,527","30,000",81.76,6
2018,84,UAB,C-USA,"145,747","24,291","72,000",33.74,6
2018,85,Marshall,C-USA,"144,377","24,063","38,019",63.29,6
2018,86,North Texas,C-USA,"140,131","23,355","30,850",75.71,6
2018,87,Appalachian St.,Sun Belt,"131,716","21,953","30,000",73.18,6
2018,88,Southern Miss.,C-USA,"129,690","21,615","36,000",60.04,6
2018,89,UConn,AAC,"125,543","20,924","40,000",52.31,6
2018,90,Rice,C-USA,"121,029","20,172","47,000",42.92,6
2018,91,Arkansas St.,Sun Belt,"119,001","19,834","30,708",64.59,6
2018,92,Old Dominion,C-USA,"117,798","19,633","20,118",97.59,6
2018,93,Kansas,Big 12,"116,544","19,424","50,250",38.65,6
2018,94,SMU,AAC,"116,299","19,383","32,000",60.57,6
2018,95,Wyoming,MWC,"113,277","18,880","29,181",64.7,6
2018,96,Utah St.,MWC,"112,302","18,717","25,100",74.57,6
2018,97,Louisiana,Sun Belt,"111,303","18,551","41,426",44.78,6
2018,98,Buffalo,MAC,"110,280","18,380","29,013",63.35,6
2018,99,FIU,C-USA,"109,797","15,685","20,000",78.43,7
2018,100,Western Mich.,MAC,"109,756","18,293","30,200",60.57,6
2018,101,Tulane,AAC,"108,090","18,015","27,000",66.72,6
2018,102,Nevada,MWC,"103,085","17,181","30,000",57.27,6
2018,103,Tulsa,AAC,"102,590","17,098","30,000",56.99,6
2018,104,Fla. Atlantic,C-USA,"102,308","17,051","29,495",57.81,6
2018,105,UNLV,MWC,"100,935","16,823","36,800",45.71,6
2018,106,Ga. Southern,Sun Belt,"100,814","16,802","25,000",67.21,6
2018,107,Georgia St.,Sun Belt,"99,691","16,615","25,000",66.46,6
2018,108,New Mexico,MWC,"99,523","16,587","39,224",42.29,6
2018,109,Liberty,FBS Independent,"97,693","16,282","25,000",65.13,6
2018,110,Ohio,MAC,"97,374","16,229","24,000",67.62,6
2018,111,South Alabama,Sun Belt,"96,383","16,064","33,471",47.99,6
2018,112,Eastern Mich.,MAC,"95,632","15,939","30,200",52.78,6
2018,113,Middle Tenn.,C-USA,"93,462","15,577","31,000",50.25,6
2018,114,Akron,MAC,"92,575","18,515","30,000",61.72,5
2018,115,Bowling Green,MAC,"90,264","15,044","24,000",62.68,6
2018,116,Louisiana Tech,C-USA,"87,623","17,525","28,562",61.36,5
2018,117,Miami (OH),MAC,"85,518","14,253","24,286",58.69,6
2018,118,UTEP,C-USA,"84,931","14,155","52,000",27.22,6
2018,119,Texas St.,Sun Belt,"78,689","13,115","30,000",43.72,6
2018,120,Central Mich.,MAC,"77,038","12,840","30,255",42.44,6
2018,121,San Jose St.,MWC,"71,276","14,255","30,456",46.81,5
2018,122,Western Ky.,C-USA,"71,157","14,231","22,113",64.36,5
2018,123,La.-Monroe,Sun Belt,"71,048","14,210","30,427",46.7,5
2018,124,Charlotte,C-USA,"70,263","11,711","15,314",76.47,6
2018,125,New Mexico St.,FBS Independent,"68,529","13,706","30,343",45.17,5
2018,126,Kent St.,MAC,"65,590","13,118","25,319",51.81,5
2018,127,Massachusetts,FBS Independent,"62,312","10,385","17,000",61.09,6
2018,128,Ball St.,MAC,"61,725","10,288","22,500",45.72,6
2018,129,Coastal Caro.,Sun Belt,"53,173","10,635","15,000",70.9,5
2018,130,Northern Ill.,MAC,"52,019","10,404","23,595",44.09,5
2017,1,Ohio St.,Big Ten,"752,464","107,495","102,329",105.05,7
2017,2,Penn St.,Big Ten,"746,946","106,707","106,572",100.13,7
2017,3,Alabama,SEC,"712,053","101,722","101,821",99.9,7
2017,4,Texas A&M,SEC,"691,612","98,802","102,733",96.17,7
2017,5,Tennessee,SEC,"670,454","95,779","102,455",93.48,7
2017,6,Michigan,Big Ten,"669,534","111,589","107,601",103.71,6
2017,7,Nebraska,Big Ten,"628,583","89,798","87,091",103.11,7
2017,8,Auburn,SEC,"605,120","86,446","87,451",98.85,7
2017,9,LSU,SEC,"591,034","98,506","102,321",96.27,6
2017,10,Clemson,ACC,"565,412","80,773","81,500",99.11,7
2017,11,Texas,Big 12,"556,667","92,778","100,119",92.67,6
2017,12,Georgia,SEC,"556,476","92,746","92,746",100,6
2017,13,Wisconsin,Big Ten,"551,766","78,824","80,321",98.14,7
2017,14,South Carolina,SEC,"550,099","78,586","80,250",97.93,7
2017,15,Notre Dame,FBS Independent,"543,354","77,622","80,795",96.07,7
2017,16,Florida,SEC,"520,290","86,715","88,548",97.93,6
2017,17,Oklahoma,Big 12,"519,119","86,520","83,489",103.63,6
2017,18,Southern California,Pac-12,"508,781","72,683","92,348",78.71,7
2017,19,Michigan St.,Big Ten,"507,398","72,485","75,005",96.64,7
2017,20,Washington,Pac-12,"481,755","68,822","70,138",98.12,7
2017,21,Miami (FL),ACC,"469,454","58,682","64,767",90.6,8
2017,22,Iowa,Big Ten,"464,357","66,337","70,585",93.98,7
2017,23,Arkansas,SEC,"442,569","63,224","72,000",87.81,7
2017,24,Florida St.,ACC,"425,658","70,943","79,500",89.24,6
2017,25,Ole Miss,SEC,"410,414","58,631","64,038",91.56,7
2017,26,Mississippi St.,SEC,"406,703","58,100","61,337",94.72,7
2017,27,Kentucky,SEC,"395,276","56,468","61,000",92.57,7
2017,28,Oregon,Pac-12,"388,381","55,483","54,000",102.75,7
2017,29,Virginia Tech,ACC,"379,284","63,214","65,632",96.32,6
2017,30,Missouri,SEC,"360,429","51,490","71,168",72.35,7
2017,31,Arizona St.,Pac-12,"359,660","51,380","64,248",79.97,7
2017,32,Kansas St.,Big 12,"359,107","51,301","50,000",102.6,7
2017,33,North Carolina,ACC,"350,500","50,071","63,000",79.48,7
2017,34,Iowa St.,Big 12,"347,586","57,931","61,500",94.2,6
2017,35,NC State,ACC,"341,100","56,850","57,600",98.7,6
2017,36,Oklahoma St.,Big 12,"340,740","56,790","56,790",100,6
2017,37,BYU,FBS Independent,"337,599","56,267","63,470",88.65,6
2017,38,UCLA,Pac-12,"336,262","56,044","91,136",61.49,6
2017,39,West Virginia,Big 12,"335,678","55,946","60,000",93.24,6
2017,40,Texas Tech,Big 12,"330,390","55,065","60,454",91.09,6
2017,41,Utah,Pac-12,"321,390","45,913","45,807",100.23,7
2017,42,Minnesota,Big Ten,"310,506","44,358","50,805",87.31,7
2017,43,Memphis,AAC,"290,416","36,302","58,318",62.25,8
2017,44,Purdue,Big Ten,"287,303","47,884","57,236",83.66,6
2017,45,Stanford,Pac-12,"284,388","47,398","50,000",94.8,6
2017,46,Colorado,Pac-12,"282,335","47,056","50,183",93.77,6
2017,47,Georgia Tech,ACC,"281,310","46,885","55,000",85.25,6
2017,48,Rutgers,Big Ten,"278,245","39,749","52,454",75.78,7
2017,49,Louisville,ACC,"276,957","46,160","55,000",83.93,6
2017,50,Illinois,Big Ten,"276,003","39,429","60,670",64.99,7
2017,51,Virginia,ACC,"275,788","39,398","61,500",64.06,7
2017,52,San Diego St.,MWC,"275,428","39,347","51,000",77.15,7
2017,53,TCU,Big 12,"264,481","44,080","45,000",97.96,6
2017,54,Indiana,Big Ten,"263,715","43,953","52,692",83.41,6
2017,55,Baylor,Big 12,"262,978","43,830","45,140",97.1,6
2017,56,UCF,AAC,"257,924","36,846","44,206",83.35,7
2017,57,East Carolina,AAC,"257,090","36,727","50,000",73.45,7
2017,58,Arizona,Pac-12,"255,791","42,632","55,675",76.57,6
2017,59,Pittsburgh,ACC,"254,062","36,295","65,500",55.41,7
2017,60,Northwestern,Big Ten,"250,969","35,853","47,129",76.07,7
2017,61,Maryland,Big Ten,"237,859","39,643","51,802",76.53,6
2017,62,Syracuse,ACC,"237,504","33,929","49,262",68.87,7
2017,63,Washington St.,Pac-12,"223,875","31,982","32,740",97.69,7
2017,64,Vanderbilt,SEC,"219,390","31,341","40,350",77.67,7
2017,65,California,Pac-12,"219,290","36,548","62,467",58.51,6
2017,66,Boise St.,MWC,"217,881","31,126","36,387",85.54,7
2017,67,Boston College,ACC,"215,546","35,924","44,500",80.73,6
2017,68,Navy,AAC,"209,701","34,950","34,000",102.79,6
2017,69,Oregon St.,Pac-12,"208,524","34,754","43,154",80.53,6
2017,70,Houston,AAC,"195,499","32,583","40,000",81.46,6
2017,71,Colorado St.,MWC,"192,369","32,062","36,500",87.84,6
2017,72,South Fla.,AAC,"188,408","31,401","65,857",47.68,6
2017,73,Duke,ACC,"187,581","26,797","40,004",66.99,7
2017,74,Kansas,Big 12,"186,490","26,641","50,250",53.02,7
2017,75,Army West Point,FBS Independent,"185,543","30,924","38,000",81.38,6
2017,76,Fresno St.,MWC,"183,789","30,632","41,031",74.65,6
2017,77,Air Force,MWC,"174,924","29,154","46,692",62.44,6
2017,78,Wake Forest,ACC,"170,614","28,436","31,500",90.27,6
2017,79,Cincinnati,AAC,"170,603","28,434","40,000",71.08,6
2017,80,Temple,AAC,"163,905","27,318","68,532",39.86,6
2017,81,UAB,C-USA,"158,252","26,375","72,000",36.63,6
2017,82,Appalachian St.,Sun Belt,"154,722","25,787","30,000",85.96,6
2017,83,Fla. Atlantic,C-USA,"151,580","18,948","29,495",64.24,8
2017,84,Troy,Sun Belt,"146,737","24,456","30,000",81.52,6
2017,85,Hawaii,MWC,"145,463","24,244","50,000",48.49,6
2017,86,Wyoming,MWC,"144,299","20,614","29,181",70.64,7
2017,87,Louisiana Tech,C-USA,"142,626","20,375","28,019",72.72,7
2017,88,SMU,AAC,"139,609","19,944","32,000",62.33,7
2017,89,North Texas,C-USA,"134,174","22,362","30,850",72.49,6
2017,90,Marshall,C-USA,"130,447","21,741","38,019",57.19,6
2017,91,Southern Miss.,C-USA,"130,265","21,711","36,000",60.31,6
2017,92,New Mexico,MWC,"127,161","21,194","39,224",54.03,6
2017,93,Toledo,MAC,"124,470","20,745","26,244",79.05,6
2017,94,UConn,AAC,"122,007","20,335","40,000",50.84,6
2017,95,Old Dominion,C-USA,"120,708","20,118","20,118",100,6
2017,96,Utah St.,MWC,"120,650","20,108","25,100",80.11,6
2017,97,Arkansas St.,Sun Belt,"119,538","23,908","30,708",77.85,5
2017,98,Akron,MAC,"117,416","19,569","30,000",65.23,6
2017,99,Ohio,MAC,"116,325","19,388","24,000",80.78,6
2017,100,UTSA,C-USA,"114,104","22,821","36,582",62.38,5
2017,101,Tulsa,AAC,"110,751","18,459","30,000",61.53,6
2017,102,UNLV,MWC,"104,692","17,449","36,800",47.41,6
2017,103,Texas St.,Sun Belt,"104,680","17,447","30,000",58.16,6
2017,104,South Alabama,Sun Belt,"104,070","17,345","33,471",51.82,6
2017,105,Tulane,AAC,"101,634","16,939","69,767",24.28,6
2017,106,Nevada,MWC,"100,329","16,722","30,000",55.74,6
2017,107,FIU,C-USA,"100,002","14,286","20,000",71.43,7
2017,108,Liberty,Big South,"99,425","16,571","20,000",82.85,6
2017,109,Miami (OH),MAC,"98,666","16,444","24,286",67.71,6
2017,110,UTEP,C-USA,"97,740","19,548","52,000",37.59,5
2017,111,Rice,C-USA,"96,770","19,354","47,000",41.18,5
2017,112,Western Mich.,MAC,"95,314","15,886","30,200",52.6,6
2017,113,Western Ky.,C-USA,"94,234","15,706","22,113",71.02,6
2017,114,Middle Tenn.,C-USA,"93,718","15,620","31,000",50.39,6
2017,115,New Mexico St.,Sun Belt,"91,195","18,239","30,343",60.11,5
2017,116,Coastal Caro.,Sun Belt,"89,754","14,959","15,000",99.73,6
2017,117,San Jose St.,MWC,"85,235","14,206","30,456",46.64,6
2017,118,Buffalo,MAC,"80,102","13,350","29,013",46.02,6
2017,119,Bowling Green,MAC,"79,405","15,881","24,000",66.17,5
2017,120,Georgia St.,Sun Belt,"79,163","15,833","25,000",63.33,5
2017,121,Louisiana,Sun Belt,"78,754","15,751","41,426",38.02,5
2017,122,Eastern Mich.,MAC,"73,649","14,730","30,200",48.77,5
2017,123,Charlotte,C-USA,"71,420","11,903","15,314",77.73,6
2017,124,Northern Ill.,MAC,"67,748","11,291","23,595",47.85,6
2017,125,Central Mich.,MAC,"67,520","13,504","30,255",44.63,5
2017,126,Kent St.,MAC,"65,924","13,185","25,319",52.07,5
2017,127,Massachusetts,FBS Independent,"64,242","10,707","17,000",62.98,6
2017,128,Idaho,Sun Belt,"63,197","10,533","16,000",65.83,6
2017,129,Ga. Southern,Sun Belt,"61,031","15,258","25,000",61.03,4
2017,130,Ball St.,MAC,"59,395","9,899","22,500",44,6
2017,131,La.-Monroe,Sun Belt,"49,640","9,928","30,427",32.63,5
2016,1,Michigan,Big Ten,"883,741","110,468","107,601",102.66,8
2016,2,Ohio St.,Big Ten,"750,944","107,278","102,329",104.84,7
2016,3,Texas A&M,SEC,"713,418","101,917","102,733",99.21,7
2016,4,Alabama,SEC,"712,747","101,821","101,821",100,7
2016,5,LSU,SEC,"708,618","101,231","102,321",98.93,7
2016,6,Tennessee,SEC,"706,776","100,968","102,455",98.55,7
2016,7,Penn St.,Big Ten,"701,800","100,257","106,572",94.07,7
2016,8,Auburn,SEC,"695,498","86,937","87,451",99.41,8
2016,9,Nebraska,Big Ten,"631,402","90,200","87,091",103.57,7
2016,10,Texas,Big 12,"587,283","97,881","100,119",97.76,6
2016,11,Clemson,ACC,"566,787","80,970","81,500",99.35,7
2016,12,Georgia,SEC,"556,476","92,746","92,746",100,6
2016,13,South Carolina,SEC,"538,441","76,920","80,250",95.85,7
2016,14,Michigan St.,Big Ten,"522,666","74,667","75,005",99.55,7
2016,15,Oklahoma,Big 12,"521,142","86,857","82,112",105.78,6
2016,16,Iowa,Big Ten,"487,591","69,656","70,585",98.68,7
2016,17,Arkansas,SEC,"487,067","69,581","72,000",96.64,7
2016,18,Notre Dame,FBS Independent,"484,770","80,795","80,795",100,6
2016,19,Wisconsin,Big Ten,"476,144","79,357","80,321",98.8,6
2016,20,Florida St.,ACC,"460,801","76,800","82,300",93.32,6
2016,21,Ole Miss,N/A,"454,368","64,910","64,038",101.36,7
2016,22,Washington,Pac-12,"452,123","64,589","70,138",92.09,7
2016,23,Florida,SEC,"439,229","87,846","88,548",99.21,5
2016,24,Southern California,Pac-12,"410,755","68,459","93,607",73.13,6
2016,25,UCLA,Pac-12,"404,751","67,459","91,136",74.02,6
2016,26,West Virginia,Big 12,"403,084","57,583","60,000",95.97,7
2016,27,NC State,ACC,"402,479","57,497","57,600",99.82,7
2016,28,Virginia Tech,ACC,"378,259","63,043","65,632",96.06,6
2016,29,Oklahoma St.,Big 12,"376,695","53,814","60,218",89.36,7
2016,30,Kentucky,SEC,"375,500","53,643","61,000",87.94,7
2016,31,Iowa St.,Big 12,"367,899","52,557","61,000",86.16,7
2016,32,Missouri,SEC,"365,651","52,236","71,168",73.4,7
2016,33,Miami (FL),ACC,"351,434","58,572","65,326",89.66,6
2016,34,BYU,FBS Independent,"351,413","58,569","64,045",91.45,6
2016,35,Mississippi St.,SEC,"349,904","58,317","61,337",95.08,6
2016,36,Texas Tech,Big 12,"349,498","58,250","60,454",96.35,6
2016,37,Arizona,Pac-12,"338,017","48,288","55,675",86.73,7
2016,38,Georgia Tech,ACC,"332,518","47,503","55,000",86.37,7
2016,39,Oregon,Pac-12,"328,062","54,677","54,000",101.25,6
2016,40,Louisville,ACC,"324,391","54,065","55,000",98.3,6
2016,41,Pittsburgh,ACC,"322,531","46,076","65,500",70.34,7
2016,42,Illinois,Big Ten,"319,505","45,644","60,670",75.23,7
2016,43,TCU,Big 12,"316,179","45,168","45,000",100.37,7
2016,44,Rutgers,Big Ten,"313,629","44,804","52,454",85.42,7
2016,45,Kansas St.,Big 12,"311,512","51,919","50,000",103.84,6
2016,46,Minnesota,Big Ten,"306,697","43,814","52,525",83.42,7
2016,47,North Carolina,ACC,"301,500","50,250","63,000",79.76,6
2016,48,Indiana,Big Ten,"301,190","43,027","52,692",81.66,7
2016,49,Arizona St.,Pac-12,"286,417","47,736","64,248",74.3,6
2016,50,California,Pac-12,"279,769","46,628","62,467",74.64,6
2016,51,Colorado,Pac-12,"279,652","46,609","50,183",92.88,6
2016,52,Utah,Pac-12,"279,038","46,506","45,807",101.53,6
2016,53,Baylor,Big 12,"275,029","45,838","45,140",101.55,6
2016,54,Stanford,Pac-12,"264,853","44,142","50,000",88.28,6
2016,55,East Carolina,AAC,"264,680","44,113","50,000",88.23,6
2016,56,Oregon St.,Pac-12,"263,357","37,622","45,674",82.37,7
2016,57,South Fla.,AAC,"262,772","37,539","65,857",57,7
2016,58,Memphis,AAC,"261,419","37,346","56,862",65.68,7
2016,59,Northwestern,Big Ten,"243,586","34,798","47,129",73.84,7
2016,60,Purdue,Big Ten,"241,158","34,451","57,236",60.19,7
2016,61,Virginia,ACC,"239,576","39,929","61,500",64.93,6
2016,62,Maryland,Big Ten,"237,690","39,615","51,802",76.47,6
2016,63,Cincinnati,AAC,"235,095","33,585","35,000",95.96,7
2016,64,Houston,AAC,"233,716","38,953","40,000",97.38,6
2016,65,San Diego St.,MWC,"223,735","37,289","51,000",73.12,6
2016,66,Washington St.,Pac-12,"221,722","31,675","32,740",96.75,7
2016,67,UCF,AAC,"214,814","35,802","44,206",80.99,6
2016,68,Boise St.,MWC,"205,640","34,273","36,387",94.19,6
2016,69,Syracuse,ACC,"196,828","32,805","49,262",66.59,6
2016,70,Boston College,ACC,"192,942","32,157","44,500",72.26,6
2016,71,Temple,AAC,"190,574","27,225","68,532",39.73,7
2016,72,Navy,AAC,"189,425","31,571","34,000",92.86,6
2016,73,UConn,AAC,"187,569","26,796","40,000",66.99,7
2016,74,Vanderbilt,SEC,"187,451","31,242","40,350",77.43,6
2016,75,Wake Forest,ACC,"185,192","26,456","31,500",83.99,7
2016,76,Duke,ACC,"179,369","29,895","40,004",74.73,6
2016,77,Air Force,MWC,"177,519","29,587","46,692",63.37,6
2016,78,Marshall,C-USA,"173,319","24,760","38,019",65.12,7
2016,79,Southern Miss.,C-USA,"171,525","28,588","36,000",79.41,6
2016,80,Hawaii,MWC,"170,299","24,328","50,000",48.66,7
2016,81,Colorado St.,MWC,"165,598","27,600","32,500",84.92,6
2016,82,Army West Point,FBS Independent,"163,267","32,653","38,000",85.93,5
2016,83,UTEP,C-USA,"161,004","23,001","52,000",44.23,7
2016,84,Appalachian St.,Sun Belt,"156,916","26,153","23,150",112.97,6
2016,85,Kansas,Big 12,"154,969","25,828","50,250",51.4,6
2016,86,Fresno St.,MWC,"152,960","25,493","41,031",62.13,6
2016,87,Wyoming,MWC,"148,860","21,266","29,181",72.88,7
2016,88,Western Mich.,MAC,"143,025","23,838","30,200",78.93,6
2016,89,SMU,AAC,"142,272","23,712","32,000",74.1,6
2016,90,New Mexico,MWC,"141,938","20,277","39,224",51.7,7
2016,91,UTSA,C-USA,"138,226","23,038","36,582",62.98,6
2016,92,Tulane,AAC,"136,310","22,718","69,767",32.56,6
2016,93,Arkansas St.,Sun Belt,"136,200","22,700","30,708",73.92,6
2016,94,Troy,Sun Belt,"135,203","22,534","30,000",75.11,6
2016,95,Rice,C-USA,"128,551","21,425","47,000",45.59,6
2016,96,Ohio,MAC,"127,139","21,190","24,000",88.29,6
2016,97,Western Ky.,C-USA,"123,935","17,705","22,113",80.07,7
2016,98,Toledo,MAC,"123,766","20,628","26,244",78.6,6
2016,99,Louisiana,Sun Belt,"121,346","20,224","31,000",65.24,6
2016,100,Old Dominion,C-USA,"120,708","20,118","20,118",100,6
2016,101,North Texas,C-USA,"119,269","19,878","30,850",64.43,6
2016,102,FIU,C-USA,"117,526","16,789","20,000",83.95,7
2016,103,Tulsa,AAC,"115,404","19,234","30,000",64.11,6
2016,104,Utah St.,MWC,"114,814","19,136","24,206",79.05,6
2016,105,South Alabama,Sun Belt,"113,749","16,250","33,471",48.55,7
2016,106,Nevada,MWC,"111,003","18,501","30,000",61.67,6
2016,107,UNLV,MWC,"110,336","18,389","36,800",49.97,6
2016,108,Texas St.,Sun Belt,"108,717","18,120","30,000",60.4,6
2016,109,Eastern Mich.,MAC,"106,064","17,677","30,200",58.53,6
2016,110,Buffalo,MAC,"104,957","17,493","29,013",60.29,6
2016,111,Central Mich.,MAC,"104,447","17,408","30,255",57.54,6
2016,112,Ga. Southern,Sun Belt,"104,095","20,819","25,000",83.28,5
2016,113,Miami (OH),MAC,"102,657","17,110","24,286",70.45,6
2016,114,Louisiana Tech,C-USA,"102,059","20,412","28,019",72.85,5
2016,115,San Jose St.,MWC,"92,515","15,419","30,456",50.63,6
2016,116,Bowling Green,MAC,"90,838","15,140","24,000",63.08,6
2016,117,Georgia St.,Sun Belt,"90,617","15,103","28,155",53.64,6
2016,118,Massachusetts,FBS Independent,"87,059","14,510","17,000",85.35,6
2016,119,Middle Tenn.,C-USA,"86,215","17,243","31,000",55.62,5
2016,120,Charlotte,C-USA,"85,154","14,192","15,314",92.68,6
2016,121,Coastal Caro.,FBS Independent,"67,137","8,392","9,214",91.08,8
2016,122,La.-Monroe,Sun Belt,"67,057","13,411","30,427",44.08,5
2016,123,Kent St.,MAC,"65,387","10,898","25,000",43.59,6
2016,124,Akron,MAC,"62,021","10,337","30,000",34.46,6
2016,125,Fla. Atlantic,C-USA,"60,437","10,073","29,495",34.15,6
2016,126,Idaho,Sun Belt,"55,948","11,190","16,000",69.94,5
2016,127,Northern Ill.,MAC,"55,095","11,019","23,595",46.7,5
2016,128,New Mexico St.,Sun Belt,"47,725","9,545","30,343",31.46,5
2016,129,Ball St.,MAC,"38,946","7,789","22,500",34.62,5
2015,1,Michigan,Big Ten,"771,174","110,168","109,901",100.24,7
2015,2,Ohio St.,Big Ten,"750,705","107,244","102,329",104.8,7
2015,3,Texas A&M,SEC,"725,354","103,622","106,300",97.48,7
2015,4,Alabama,SEC,"707,786","101,112","101,821",99.3,7
2015,5,Tennessee,SEC,"704,088","100,584","102,455",98.17,7
2015,6,Penn St.,Big Ten,"698,590","99,799","106,572",93.64,7
2015,7,LSU,SEC,"654,084","93,441","102,321",91.32,7
2015,8,Georgia,SEC,"649,222","92,746","92,746",100,7
2015,9,Florida,SEC,"630,457","90,065","88,548",101.71,7
2015,10,Nebraska,Big Ten,"629,983","89,998","87,091",103.34,7
2015,11,Auburn,SEC,"612,157","87,451","87,451",100,7
2015,12,Clemson,ACC,"588,266","84,038","81,500",103.11,7
2015,13,Wisconsin,Big Ten,"546,099","78,014","80,321",97.13,7
2015,14,Texas,Big 12,"540,210","90,035","100,119",89.93,6
2015,15,Southern California,Pac-12,"527,506","75,358","93,607",80.5,7
2015,16,Michigan St.,Big Ten,"522,628","74,661","75,005",99.54,7
2015,17,Florida St.,ACC,"512,534","73,219","82,300",88.97,7
2015,18,Oklahoma,Big 12,"512,139","85,357","82,112",103.95,6
2015,19,Kentucky,SEC,"490,361","61,295","61,000",100.48,8
2015,20,Notre Dame,FBS Independent,"484,770","80,795","80,795",100,6
2015,21,South Carolina,SEC,"472,934","78,822","80,250",98.22,6
2015,22,Arkansas,SEC,"471,279","67,326","72,000",93.51,7
2015,23,Iowa,Big Ten,"441,992","63,142","70,585",89.45,7
2015,24,Washington,Pac-12,"433,432","61,919","70,138",88.28,7
2015,25,Mississippi St.,SEC,"432,490","61,784","61,337",100.73,7
2015,26,Ole Miss,SEC,"423,355","60,479","60,580",99.83,7
2015,27,Oklahoma St.,Big 12,"403,678","57,668","60,218",95.77,7
2015,28,Oregon,Pac-12,"403,419","57,631","54,000",106.72,7
2015,29,UCLA,Pac-12,"401,149","66,858","91,136",73.36,6
2015,30,Missouri,SEC,"390,720","65,120","71,168",91.5,6
2015,31,West Virginia,Big 12,"383,779","54,826","60,000",91.38,7
2015,32,Kansas St.,Big 12,"371,698","53,100","50,000",106.2,7
2015,33,Arizona St.,Pac-12,"368,985","52,712","64,248",82.04,7
2015,34,Minnesota,Big Ten,"366,484","52,355","52,525",99.68,7
2015,35,Virginia Tech,ACC,"364,942","60,824","65,632",92.67,6
2015,36,Georgia Tech,ACC,"354,946","50,707","55,000",92.19,7
2015,37,BYU,FBS Independent,"351,191","58,532","64,045",91.39,6
2015,38,Stanford,Pac-12,"349,417","49,917","50,000",99.83,7
2015,39,North Carolina,ACC,"347,500","49,643","63,000",78.8,7
2015,40,NC State,ACC,"341,928","56,988","57,600",98.94,6
2015,41,Iowa St.,Big 12,"339,113","56,519","61,000",92.65,6
2015,42,Texas Tech,Big 12,"338,042","56,340","60,454",93.2,6
2015,43,Rutgers,Big Ten,"334,061","47,723","52,454",90.98,7
2015,44,Utah,Pac-12,"325,732","46,533","45,807",101.59,7
2015,45,Maryland,Big Ten,"310,389","44,341","51,802",85.6,7
2015,46,Indiana,Big Ten,"310,195","44,314","52,692",84.1,7
2015,47,Arizona,Pac-12,"308,355","51,393","56,029",91.72,6
2015,48,Virginia,ACC,"302,994","43,285","61,500",70.38,7
2015,49,Louisville,ACC,"294,413","49,069","55,000",89.22,6
2015,50,California,Pac-12,"292,797","48,800","62,467",78.12,6
2015,51,Illinois,Big Ten,"289,397","41,342","60,670",68.14,7
2015,52,Pittsburgh,ACC,"288,900","48,150","65,500",73.51,6
2015,53,Miami (FL),ACC,"285,363","47,561","65,326",72.8,6
2015,54,TCU,Big 12,"280,604","46,767","45,000",103.93,6
2015,55,Baylor,Big 12,"276,960","46,160","45,140",102.26,6
2015,56,Houston,AAC,"271,836","33,980","40,000",84.95,8
2015,57,Temple,AAC,"264,951","44,159","68,532",64.43,6
2015,58,Memphis,AAC,"262,811","43,802","59,308",73.85,6
2015,59,Purdue,Big Ten,"262,559","37,508","57,236",65.53,7
2015,60,East Carolina,AAC,"259,645","43,274","50,000",86.55,6
2015,61,Colorado,Pac-12,"236,331","39,389","50,183",78.49,6
2015,62,Northwestern,Big Ten,"233,560","33,366","47,129",70.8,7
2015,63,Navy,AAC,"226,366","32,338","34,000",95.11,7
2015,64,Syracuse,ACC,"224,717","32,102","52,000",61.74,7
2015,65,Cincinnati,AAC,"222,578","37,096","35,000",105.99,6
2015,66,Oregon St.,Pac-12,"216,476","36,079","45,674",78.99,6
2015,67,Boston College,ACC,"211,433","30,205","44,500",67.88,7
2015,68,San Diego St.,MWC,"203,459","29,066","51,000",56.99,7
2015,69,Boise St.,MWC,"201,669","33,612","36,387",92.37,6
2015,70,Vanderbilt,SEC,"192,802","32,134","40,350",79.64,6
2015,71,Kansas,Big 12,"190,972","27,282","50,250",54.29,7
2015,72,New Mexico,MWC,"188,224","23,528","39,224",59.98,8
2015,73,Army West Point,FBS Independent,"185,946","30,991","38,000",81.56,6
2015,74,UCF,AAC,"180,388","30,065","44,206",68.01,6
2015,75,Washington St.,Pac-12,"176,444","29,407","32,740",89.82,6
2015,76,Fresno St.,MWC,"174,217","29,036","41,031",70.77,6
2015,77,Southern Miss.,C-USA,"170,007","28,335","36,000",78.71,6
2015,78,UConn,AAC,"169,343","28,224","40,000",70.56,6
2015,79,Hawaii,MWC,"164,031","23,433","50,000",46.87,7
2015,80,Wake Forest,ACC,"160,043","26,674","31,500",84.68,6
2015,81,South Fla.,AAC,"159,468","26,578","65,857",40.36,6
2015,82,Duke,ACC,"158,562","26,427","33,941",77.86,6
2015,83,Marshall,C-USA,"157,930","26,322","38,019",69.23,6
2015,84,Air Force,MWC,"156,158","26,026","46,692",55.74,6
2015,85,Colorado St.,MWC,"149,500","24,917","32,500",76.67,6
2015,86,SMU,AAC,"147,301","21,043","32,000",65.76,7
2015,87,Old Dominion,C-USA,"140,826","20,118","20,118",100,7
2015,88,UTSA,C-USA,"138,048","23,008","65,000",35.4,6
2015,89,Arkansas St.,Sun Belt,"138,043","23,007","30,708",74.92,6
2015,90,Tulane,AAC,"137,577","22,930","69,767",32.87,6
2015,91,Nevada,MWC,"133,022","22,170","30,000",73.9,6
2015,92,Louisiana,Sun Belt,"129,577","21,596","31,000",69.67,6
2015,93,Appalachian St.,Sun Belt,"128,755","21,459","23,150",92.7,6
2015,94,Utah St.,MWC,"128,172","21,362","22,044",96.91,6
2015,95,Ohio,MAC,"127,938","21,323","24,000",88.85,6
2015,96,Louisiana Tech,C-USA,"125,863","20,977","28,019",74.87,6
2015,97,Toledo,MAC,"125,051","20,842","26,244",79.42,6
2015,98,Ga. Southern,Sun Belt,"124,681","20,780","25,000",83.12,6
2015,99,Tulsa,AAC,"117,730","19,622","30,000",65.41,6
2015,100,Western Mich.,MAC,"116,646","19,441","30,200",64.37,6
2015,101,UNLV,MWC,"116,228","19,371","36,800",52.64,6
2015,102,UTEP,C-USA,"116,058","23,212","52,000",44.64,5
2015,103,Rice,C-USA,"116,034","19,339","47,000",41.15,6
2015,104,Buffalo,MAC,"110,743","18,457","29,013",63.62,6
2015,105,Texas St.,Sun Belt,"108,998","18,166","30,000",60.55,6
2015,106,Akron,MAC,"108,588","18,098","30,000",60.33,6
2015,107,Wyoming,MWC,"108,361","18,060","29,181",61.89,6
2015,108,Western Ky.,C-USA,"107,759","17,960","22,113",81.22,6
2015,109,Fla. Atlantic,C-USA,"105,703","17,617","29,495",59.73,6
2015,110,Middle Tenn.,C-USA,"103,258","17,210","31,000",55.52,6
2015,111,Bowling Green,MAC,"98,042","19,608","24,000",81.7,5
2015,112,Troy,Sun Belt,"96,993","19,399","30,000",64.66,5
2015,113,South Alabama,Sun Belt,"96,234","16,039","33,471",47.92,6
2015,114,Miami (OH),MAC,"94,241","15,707","24,286",64.67,6
2015,115,Central Mich.,MAC,"94,029","15,672","30,255",51.8,6
2015,116,San Jose St.,MWC,"91,869","15,312","32,471",47.15,6
2015,117,Charlotte,C-USA,"87,705","14,618","15,314",95.45,6
2015,118,New Mexico St.,Sun Belt,"87,429","17,486","30,343",57.63,5
2015,119,Northern Ill.,MAC,"83,649","13,942","23,595",59.09,6
2015,120,FIU,C-USA,"76,907","15,381","20,000",76.91,5
2015,121,Kent St.,MAC,"75,366","12,561","25,000",50.24,6
2015,122,Idaho,Sun Belt,"69,915","11,653","16,000",72.83,6
2015,123,North Texas,C-USA,"68,155","13,631","30,850",44.18,5
2015,124,Massachusetts,MAC,"66,743","11,124","17,000",65.43,6
2015,125,Georgia St.,Sun Belt,"62,081","10,347","28,155",36.75,6
2015,126,La.-Monroe,Sun Belt,"58,659","11,732","30,427",38.56,5
2015,127,Ball St.,MAC,"47,841","7,974","22,500",35.44,6
2015,128,Eastern Mich.,MAC,"29,381","4,897","30,200",16.21,6
2014,1,Ohio St.,Big Ten,"744,075","106,296","102,329",103.88,7
2014,2,Michigan,Big Ten,"734,364","104,909","109,901",95.46,7
2014,3,LSU,SEC,"712,063","101,723","102,321",99.42,7
2014,4,Penn St.,Big Ten,"711,358","101,623","107,282",94.72,7
2014,5,Alabama,SEC,"710,736","101,534","101,821",99.72,7
2014,6,Tennessee,SEC,"698,276","99,754","102,455",97.36,7
2014,7,Georgia,SEC,"649,222","92,746","92,746",100,7
2014,8,Nebraska,Big Ten,"638,744","91,249","87,091",104.77,7
2014,9,Texas A&M,SEC,"630,735","105,123","106,300",98.89,6
2014,10,Auburn,SEC,"612,157","87,451","87,451",100,7
2014,11,Florida St.,ACC,"575,478","82,211","82,300",99.89,7
2014,12,Clemson,ACC,"572,262","81,752","81,500",100.31,7
2014,13,South Carolina,SEC,"569,664","81,381","80,250",101.41,7
2014,14,Texas,Big 12,"564,618","94,103","100,119",93.99,6
2014,15,Wisconsin,Big Ten,"556,642","79,520","80,321",99,7
2014,16,Michigan St.,Big Ten,"522,765","74,681","75,005",99.57,7
2014,17,Florida,SEC,"515,001","85,834","88,548",96.93,6
2014,18,Oklahoma,Big 12,"510,972","85,162","82,112",103.71,6
2014,19,Notre Dame,FBS Independent,"484,770","80,795","80,795",100,6
2014,20,Iowa,Big Ten,"472,584","67,512","70,585",95.65,7
2014,21,UCLA,Pac-12,"459,901","76,650","91,136",84.11,6
2014,22,Missouri,SEC,"456,996","65,285","68,349",95.52,7
2014,23,Washington,Pac-12,"451,555","64,508","70,138",91.97,7
2014,24,Southern California,Pac-12,"439,630","73,272","93,607",78.28,6
2014,25,Ole Miss,N/A,"430,829","61,547","60,580",101.6,7
2014,26,Virginia Tech,ACC,"428,099","61,157","65,632",93.18,7
2014,27,Mississippi St.,SEC,"427,892","61,127","61,337",99.66,7
2014,28,Kentucky,SEC,"403,002","57,572","67,606",85.16,7
2014,29,Oregon,Pac-12,"401,952","57,422","54,000",106.34,7
2014,30,Arkansas,SEC,"399,124","66,521","72,000",92.39,6
2014,31,NC State,ACC,"380,785","54,398","57,583",94.47,7
2014,32,Kansas St.,Big 12,"371,565","53,081","50,000",106.16,7
2014,33,Miami (FL),ACC,"367,623","52,518","74,916",70.1,7
2014,34,Iowa St.,Big 12,"365,377","52,197","56,800",91.9,7
2014,35,Arizona,Pac-12,"354,973","50,710","56,037",90.49,7
2014,36,Texas Tech,Big 12,"353,603","58,934","60,454",97.49,6
2014,37,Arizona St.,Pac-12,"343,073","57,179","67,704",84.45,6
2014,38,BYU,FBS Independent,"342,843","57,141","64,045",89.22,6
2014,39,West Virginia,Big 12,"340,117","56,686","60,000",94.48,6
2014,40,Minnesota,Big Ten,"335,056","47,865","52,525",91.13,7
2014,41,North Carolina,ACC,"328,000","54,667","63,000",86.77,6
2014,42,Oklahoma St.,Big 12,"326,324","54,387","60,218",90.32,6
2014,43,Louisville,ACC,"317,829","52,972","55,000",96.31,6
2014,44,TCU,Big 12,"313,036","44,719","45,000",99.38,7
2014,45,Rutgers,Big Ten,"303,791","50,632","52,454",96.53,6
2014,46,Oregon St.,Pac-12,"295,230","42,176","45,674",92.34,7
2014,47,Georgia Tech,ACC,"291,113","48,519","55,000",88.22,6
2014,48,Illinois,Big Ten,"290,842","41,549","60,670",68.48,7
2014,49,Pittsburgh,N/A,"289,204","41,315","65,500",63.08,7
2014,50,Stanford,Pac-12,"287,174","47,862","50,000",95.72,6
2014,51,California,Pac-12,"286,051","47,675","62,467",76.32,6
2014,52,Maryland,Big Ten,"281,884","46,981","51,802",90.69,6
2014,53,Baylor,Big 12,"280,257","46,710","50,000",93.42,6
2014,54,Utah,Pac-12,"278,619","46,437","45,634",101.76,6
2014,55,Virginia,ACC,"275,243","39,320","61,500",63.94,7
2014,56,Vanderbilt,SEC,"274,063","34,258","40,350",84.9,8
2014,57,Northwestern,Big Ten,"270,292","38,613","47,129",81.93,7
2014,58,East Carolina,AAC,"268,713","44,786","50,000",89.57,6
2014,59,Indiana,Big Ten,"249,941","41,657","52,692",79.06,6
2014,60,Purdue,Big Ten,"246,880","35,269","62,500",56.43,7
2014,61,Syracuse,ACC,"242,682","40,447","52,000",77.78,6
2014,62,Boston College,ACC,"239,893","34,270","44,500",77.01,7
2014,63,Boise St.,MWC,"227,526","32,504","36,387",89.33,7
2014,64,UCF,AAC,"226,869","37,812","45,323",83.43,6
2014,65,San Diego St.,MWC,"226,839","32,406","51,000",63.54,7
2014,66,Colorado,Pac-12,"226,670","37,778","53,613",70.46,6
2014,67,South Fla.,AAC,"214,861","30,694","65,857",46.61,7
2014,68,Fresno St.,MWC,"209,257","34,876","41,031",85,6
2014,69,Kansas,Big 12,"204,462","34,077","50,250",67.81,6
2014,70,Memphis,AAC,"203,106","33,851","59,308",57.08,6
2014,71,Houston,AAC,"198,177","28,311","40,000",70.78,7
2014,72,UConn,AAC,"192,230","27,461","40,000",68.65,7
2014,73,Marshall,C-USA,"192,229","27,461","38,019",72.23,7
2014,74,Hawaii,MWC,"192,159","27,451","50,000",54.9,7
2014,75,Duke,ACC,"191,039","27,291","33,941",80.41,7
2014,76,Washington St.,Pac-12,"184,762","30,794","32,740",94.06,6
2014,77,Cincinnati,AAC,"173,037","28,840","35,000",82.4,6
2014,78,Army West Point,FBS Independent,"171,310","34,262","38,000",90.16,5
2014,79,UTEP,C-USA,"170,260","28,377","52,000",54.57,6
2014,80,Air Force,MWC,"168,967","28,161","46,692",60.31,6
2014,81,UTSA,C-USA,"165,458","27,576","65,000",42.43,6
2014,82,Wake Forest,ACC,"163,260","27,210","31,500",86.38,6
2014,83,Navy,FBS Independent,"162,510","32,502","34,000",95.59,5
2014,84,Colorado St.,MWC,"159,450","26,575","32,500",81.77,6
2014,85,Louisiana,Sun Belt,"154,652","25,775","31,000",83.15,6
2014,86,Tulane,AAC,"150,074","25,012","69,767",35.85,6
2014,87,Arkansas St.,Sun Belt,"149,163","24,861","30,708",80.96,6
2014,88,Nevada,MWC,"143,172","23,862","30,000",79.54,6
2014,89,Temple,AAC,"140,217","23,370","68,532",34.1,6
2014,90,Appalachian St.,Sun Belt,"138,995","23,166","24,050",96.32,6
2014,91,Southern Miss.,C-USA,"136,435","22,739","36,000",63.16,6
2014,92,New Mexico,MWC,"131,624","21,937","39,224",55.93,6
2014,93,UAB,C-USA,"131,047","21,841","72,000",30.33,6
2014,94,SMU,AAC,"129,169","21,528","32,000",67.28,6
2014,95,Texas St.,Sun Belt,"123,589","20,598","30,000",68.66,6
2014,96,Ohio,MAC,"123,090","20,515","24,000",85.48,6
2014,97,Utah St.,MWC,"122,803","20,467","25,513",80.22,6
2014,98,Buffalo,MAC,"122,418","20,403","29,013",70.32,6
2014,99,Old Dominion,C-USA,"120,708","20,118","20,118",100,6
2014,100,Tulsa,AAC,"117,881","19,647","30,000",65.49,6
2014,101,Wyoming,MWC,"117,593","19,599","29,181",67.16,6
2014,102,Toledo,MAC,"117,286","19,548","26,244",74.48,6
2014,103,North Texas,C-USA,"115,627","19,271","30,850",62.47,6
2014,104,Ga. Southern,Sun Belt,"105,510","21,102","25,000",84.41,5
2014,105,South Alabama,Sun Belt,"104,669","17,445","33,471",52.12,6
2014,106,Middle Tenn.,C-USA,"104,450","17,408","31,000",56.16,6
2014,107,Troy,Sun Belt,"100,602","16,767","30,000",55.89,6
2014,108,Louisiana Tech,C-USA,"100,272","20,054","27,717",72.35,5
2014,109,Central Mich.,MAC,"97,838","16,306","30,255",53.9,6
2014,110,Western Ky.,C-USA,"97,833","16,306","22,113",73.74,6
2014,111,Massachusetts,MAC,"96,527","16,088","17,000",94.63,6
2014,112,FIU,C-USA,"95,728","11,966","20,000",59.83,8
2014,113,Miami (OH),MAC,"95,438","15,906","24,286",65.5,6
2014,114,UNLV,MWC,"94,043","15,674","36,800",42.59,6
2014,115,Rice,C-USA,"92,812","18,562","47,000",39.49,5
2014,116,Bowling Green,MAC,"91,365","15,228","24,000",63.45,6
2014,117,La.-Monroe,Sun Belt,"90,540","18,108","30,427",59.51,5
2014,118,Georgia St.,Sun Belt,"90,037","15,006","28,155",53.3,6
2014,119,Kent St.,MAC,"81,263","13,544","25,000",54.18,6
2014,120,Charlotte,FBS Independent,"79,632","13,272","15,314",86.67,6
2014,121,Western Mich.,MAC,"78,124","15,625","30,200",51.74,5
2014,122,San Jose St.,MWC,"75,340","15,068","30,456",49.47,5
2014,123,Eastern Mich.,MAC,"75,127","15,025","30,200",49.75,5
2014,124,New Mexico St.,Sun Belt,"73,612","12,269","30,343",40.43,6
2014,125,Fla. Atlantic,C-USA,"70,608","14,122","29,495",47.88,5
2014,126,Northern Ill.,MAC,"67,813","13,563","31,000",43.75,5
2014,127,Idaho,Sun Belt,"64,432","12,886","16,000",80.54,5
2014,128,Ball St.,MAC,"56,332","9,389","22,500",41.73,6
2014,129,Akron,MAC,"55,019","9,170","30,000",30.57,6
2013,1,Michigan,Big Ten,"781,144","111,592","109,901",101.54,7
2013,2,Ohio St.,Big Ten,"734,528","104,933","102,329",102.54,7
2013,3,Nebraska,Big Ten,"727,466","90,933","87,091",104.41,8
2013,4,Alabama,SEC,"710,538","101,505","101,821",99.69,7
2013,5,Texas A&M,SEC,"697,003","87,125","82,589",105.49,8
2013,6,Auburn,SEC,"685,252","85,657","87,451",97.95,8
2013,7,Penn St.,Big Ten,"676,112","96,587","107,282",90.03,7
2013,8,Tennessee,SEC,"669,087","95,584","102,459",93.29,7
2013,9,LSU,SEC,"639,927","91,418","92,400",98.94,7
2013,10,Texas,Big 12,"593,857","98,976","100,119",98.86,6
2013,11,South Carolina,SEC,"576,805","82,401","80,250",102.68,7
2013,12,Clemson,ACC,"574,333","82,048","81,500",100.67,7
2013,13,Georgia,SEC,"556,476","92,746","92,746",100,6
2013,14,Wisconsin,Big Ten,"552,378","78,911","80,321",98.24,7
2013,15,Florida St.,ACC,"527,947","75,421","82,300",91.64,7
2013,16,Florida,SEC,"524,638","87,440","88,548",98.75,6
2013,17,Southern California,Pac-12,"511,885","73,126","93,607",78.12,7
2013,18,Oklahoma,Big 12,"508,334","84,722","82,112",103.18,6
2013,19,Michigan St.,Big Ten,"506,294","72,328","75,005",96.43,7
2013,20,Arizona St.,Pac-12,"501,509","62,689","73,656",85.11,8
2013,21,Notre Dame,FBS Independent,"484,770","80,795","80,795",100,6
2013,22,Washington,Pac-12,"481,384","68,769","70,000",98.24,7
2013,23,Iowa,Big Ten,"469,872","67,125","70,585",95.1,7
2013,24,Missouri,SEC,"444,532","63,505","68,349",92.91,7
2013,25,Arkansas,SEC,"431,174","61,596","72,000",85.55,7
2013,26,NC State,ACC,"425,420","53,178","57,583",92.35,8
2013,27,Kansas St.,Big 12,"423,095","52,887","50,000",105.77,8
2013,28,UCLA,Pac-12,"421,711","70,285","91,136",77.12,6
2013,29,Kentucky,SEC,"416,303","59,472","67,606",87.97,7
2013,30,Ole Miss,N/A,"415,750","59,393","60,580",98.04,7
2013,31,Oregon,Pac-12,"403,617","57,660","54,000",106.78,7
2013,32,Mississippi St.,SEC,"389,868","55,695","55,082",101.11,7
2013,33,Virginia Tech,ACC,"383,993","63,999","65,632",97.51,6
2013,34,Miami (FL),ACC,"376,857","53,837","74,916",71.86,7
2013,35,Louisville,AAC,"370,396","52,914","55,000",96.21,7
2013,36,Virginia,ACC,"370,234","46,279","61,500",75.25,8
2013,37,BYU,FBS Independent,"367,349","61,225","64,045",95.6,6
2013,38,North Carolina,ACC,"360,500","51,500","63,000",81.75,7
2013,39,Stanford,Pac-12,"355,081","50,726","50,000",101.45,7
2013,40,Indiana,Big Ten,"354,823","44,353","52,692",84.17,8
2013,41,Oklahoma St.,Big 12,"354,754","59,126","60,218",98.19,6
2013,42,Pittsburgh,ACC,"348,188","49,741","65,500",75.94,7
2013,43,Texas Tech,Big 12,"347,597","57,933","60,454",95.83,6
2013,44,California,Pac-12,"345,303","49,329","63,186",78.07,7
2013,45,Georgia Tech,ACC,"343,542","49,077","55,000",89.23,7
2013,46,Purdue,Big Ten,"342,673","48,953","62,500",78.33,7
2013,47,Minnesota,Big Ten,"334,581","47,797","50,805",94.08,7
2013,48,Iowa St.,Big 12,"332,165","55,361","55,000",100.66,6
2013,49,Rutgers,AAC,"325,846","46,549","52,454",88.74,7
2013,50,Baylor,Big 12,"321,639","45,948","50,000",91.9,7
2013,51,West Virginia,Big 12,"317,459","52,910","60,000",88.18,6
2013,52,Utah,Pac-12,"316,361","45,194","45,634",99.04,7
2013,53,Illinois,Big Ten,"306,506","43,787","62,870",69.65,7
2013,54,Maryland,ACC,"288,946","41,278","51,802",79.68,7
2013,55,Arizona,Pac-12,"285,713","47,619","56,037",84.98,6
2013,56,Northwestern,Big Ten,"275,147","39,307","47,129",83.4,7
2013,57,Kansas,Big 12,"265,187","37,884","50,250",75.39,7
2013,58,East Carolina,C-USA,"263,910","43,985","50,000",87.97,6
2013,59,TCU,Big 12,"261,587","43,598","45,000",96.88,6
2013,60,Fresno St.,MWC,"258,417","36,917","41,031",89.97,7
2013,61,Oregon St.,Pac-12,"257,784","42,964","45,674",94.07,6
2013,62,UCF,AAC,"252,505","42,084","45,323",92.85,6
2013,63,Vanderbilt,SEC,"249,728","35,675","40,330",88.46,7
2013,64,South Fla.,AAC,"242,911","34,702","65,857",52.69,7
2013,65,Colorado,Pac-12,"230,778","38,463","53,613",71.74,6
2013,66,Syracuse,ACC,"229,661","38,277","52,000",73.61,6
2013,67,Air Force,MWC,"228,562","32,652","46,692",69.93,7
2013,68,UConn,AAC,"216,523","30,932","40,000",77.33,7
2013,69,Boise St.,MWC,"206,198","34,366","36,387",94.45,6
2013,70,Memphis,AAC,"199,760","28,537","59,308",48.12,7
2013,71,San Diego St.,MWC,"199,344","33,224","51,000",65.15,6
2013,72,Boston College,ACC,"198,035","33,006","44,500",74.17,6
2013,73,Cincinnati,AAC,"190,624","31,771","35,000",90.77,6
2013,74,Hawaii,MWC,"185,931","30,989","50,000",61.98,6
2013,75,Duke,ACC,"182,431","26,062","33,941",76.78,7
2013,76,Washington St.,Pac-12,"178,427","29,738","32,740",90.83,6
2013,77,Navy,FBS Independent,"177,940","35,588","34,000",104.67,5
2013,78,UTSA,C-USA,"175,282","29,214","65,000",44.94,6
2013,79,Wake Forest,ACC,"170,484","28,414","31,500",90.2,6
2013,80,Army West Point,FBS Independent,"169,781","33,956","38,000",89.36,5
2013,81,Marshall,C-USA,"150,138","25,023","38,019",65.82,6
2013,82,Nevada,MWC,"149,635","24,939","30,000",83.13,6
2013,83,Arkansas St.,Sun Belt,"149,477","24,913","30,708",81.13,6
2013,84,Appalachian St.,FBS Independent,"149,366","24,894","24,050",103.51,6
2013,85,Houston,AAC,"145,537","24,256","32,000",75.8,6
2013,86,Ohio,MAC,"144,701","20,672","24,000",86.13,7
2013,87,UTEP,C-USA,"141,877","28,375","52,000",54.57,5
2013,88,New Mexico,MWC,"141,220","23,537","39,224",60.01,6
2013,89,Utah St.,MWC,"139,576","23,263","25,513",91.18,6
2013,90,Buffalo,MAC,"136,418","22,736","29,013",78.37,6
2013,91,Temple,AAC,"134,836","22,473","68,532",32.79,6
2013,92,Louisiana,Sun Belt,"129,878","25,976","31,000",83.79,5
2013,93,North Texas,C-USA,"126,182","21,030","30,850",68.17,6
2013,94,Old Dominion,FBS Independent,"120,708","20,118","20,086",100.16,6
2013,95,UNLV,MWC,"120,486","17,212","36,800",46.77,7
2013,96,Tulsa,C-USA,"119,356","19,893","30,000",66.31,6
2013,97,Tulane,C-USA,"118,482","19,747","69,767",28.3,6
2013,98,Wyoming,MWC,"116,854","19,476","29,181",66.74,6
2013,99,Southern Miss.,C-USA,"113,759","22,752","36,000",63.2,5
2013,100,Rice,C-USA,"112,711","18,785","47,000",39.97,6
2013,101,SMU,AAC,"112,347","18,725","32,000",58.51,6
2013,101,New Mexico St.,FBS Independent,"112,347","16,050","30,343",52.89,7
2013,103,Middle Tenn.,C-USA,"112,287","18,715","31,000",60.37,6
2013,104,Colorado St.,MWC,"111,598","18,600","32,500",57.23,6
2013,105,Toledo,MAC,"110,803","18,467","26,248",70.36,6
2013,106,Georgia St.,Sun Belt,"109,039","15,577","28,155",55.33,7
2013,107,Texas St.,Sun Belt,"108,371","18,062","30,000",60.21,6
2013,108,Akron,MAC,"107,101","17,850","30,000",59.5,6
2013,109,Northern Ill.,MAC,"103,344","20,669","31,000",66.67,5
2013,110,San Jose St.,MWC,"98,174","16,362","30,456",53.72,6
2013,111,South Alabama,Sun Belt,"95,555","15,926","40,000",39.81,6
2013,112,Massachusetts,MAC,"94,981","15,830","17,000",93.12,6
2013,113,Troy,Sun Belt,"94,529","18,906","30,000",63.02,5
2013,114,Louisiana Tech,C-USA,"93,332","18,666","30,600",61,5
2013,115,FIU,C-USA,"92,717","15,453","20,000",77.26,6
2013,116,Western Ky.,Sun Belt,"91,672","18,334","22,113",82.91,5
2013,117,Bowling Green,MAC,"91,548","15,258","24,000",63.58,6
2013,118,Ball St.,MAC,"90,784","15,131","22,500",67.25,6
2013,119,Ga. Southern,FBS Independent,"88,968","14,828","18,000",82.38,6
2013,120,Western Mich.,MAC,"86,733","17,347","30,200",57.44,5
2013,121,La.-Monroe,Sun Belt,"85,177","17,035","30,427",55.99,5
2013,122,Kent St.,MAC,"85,091","17,018","25,000",68.07,5
2013,123,Miami (OH),MAC,"79,676","15,935","24,286",65.61,5
2013,124,Idaho,FBS Independent,"73,718","14,744","16,000",92.15,5
2013,125,Fla. Atlantic,C-USA,"72,758","14,552","29,495",49.34,5
2013,126,Central Mich.,MAC,"66,119","13,224","30,255",43.71,5
2013,127,UAB,C-USA,"52,739","10,548","72,000",14.65,5
2013,128,Eastern Mich.,MAC,"20,255","4,051","30,200",13.41,5