Rk,Player,Pos,Age,Tm,G,MP,PER,TS%,3PAr,FTr,ORB%,DRB%,TRB%,AST%,STL%,BLK%,TOV%,USG%,,OWS,DWS,WS,WS/48,,OBPM,DBPM,BPM,VORP
1,Steven Adams\adamsst01,C,26,OKC,58,1564,20.8,.605,.007,.413,14.4,23.8,19.3,13.5,1.6,3.5,14.1,17.2,,3.7,2.5,6.2,.190,,2.1,1.1,3.2,2.0
2,Bam Adebayo\adebaba01,PF,22,MIA,65,2235,20.6,.606,.018,.476,8.7,25.0,17.2,23.6,1.7,3.8,17.5,20.8,,4.6,3.6,8.1,.175,,1.6,2.1,3.6,3.2
3,LaMarcus Aldridge\aldrila01,C,34,SAS,53,1754,19.8,.571,.198,.241,6.3,17.8,12.0,11.4,1.0,4.4,7.8,23.6,,3.1,1.4,4.4,.122,,1.8,-0.5,1.3,1.5
4,Nickeil Alexander-Walker\alexani01,SG,21,NOP,41,501,7.6,.441,.515,.123,1.7,15.2,8.4,20.3,1.0,1.2,14.3,22.8,,-0.7,0.4,-0.4,-0.034,,-3.5,-1.4,-4.9,-0.4
5,Grayson Allen\allengr01,SG,24,MEM,30,498,11.4,.577,.517,.199,1.1,12.6,7.0,11.8,0.6,0.2,10.7,17.9,,0.5,0.3,0.7,.070,,-1.0,-1.5,-2.6,-0.1
6,Jarrett Allen\allenja01,C,21,BRK,64,1647,20.3,.658,.012,.574,12.5,25.0,18.9,7.8,1.1,4.3,12.2,15.0,,4.3,2.8,7.1,.207,,1.0,1.1,2.1,1.7
7,Kadeem Allen\allenka01,SG,27,NYK,10,117,14.0,.512,.364,.250,1.8,6.6,4.1,27.0,2.1,1.6,14.1,20.6,,0.1,0.1,0.1,.053,,0.0,-0.6,-0.6,0.0
8,Al-Farouq Aminu\aminual01,PF,29,ORL,18,380,7.6,.395,.419,.337,6.6,18.4,12.3,7.4,2.3,1.9,14.7,13.2,,-0.4,0.5,0.1,.016,,-4.5,1.4,-3.1,-0.1
9,Justin Anderson\anderju01,SF,26,BRK,3,17,-3.8,.218,.500,.333,0.0,11.8,6.1,0.0,0.0,4.9,0.0,16.9,,-0.1,0.0,-0.1,-0.167,,-12.8,-2.3,-15.1,-0.1
10,Kyle Anderson\anderky01,PF,26,MEM,59,1140,13.0,.542,.221,.236,5.1,18.3,11.8,15.1,1.9,2.4,15.1,13.3,,0.9,1.4,2.2,.095,,-1.3,1.9,0.6,0.7
11,Ryan Anderson\anderry01,PF,31,HOU,2,14,9.5,.357,.714,.000,0.0,52.8,26.2,20.1,3.3,0.0,12.5,23.6,,0.0,0.0,0.0,-0.031,,-4.1,0.7,-3.4,0.0
12,Giannis Antetokounmpo\antetgi01,PF,25,MIL,57,1763,31.6,.608,.238,.500,7.8,34.5,22.0,33.9,1.5,2.9,13.1,37.4,,5.6,4.8,10.4,.282,,7.4,4.1,11.5,6.0
13,Kostas Antetokounmpo\antetko01,PF,22,LAL,3,5,8.6,,,,0.0,21.3,10.9,22.4,0.0,0.0,,0.0,,0.0,0.0,0.0,.136,,1.2,3.1,4.3,0.0
14,Thanasis Antetokounmpo\antetth01,SF,27,MIL,18,93,14.2,.528,.194,.417,12.4,8.0,10.1,13.8,2.9,1.9,20.5,23.8,,0.0,0.2,0.2,.083,,-4.0,1.7,-2.3,0.0
15,Carmelo Anthony\anthoca01,PF,35,POR,50,1623,12.2,.517,.286,.197,4.0,15.8,10.0,7.0,1.2,1.2,10.5,21.6,,0.1,0.9,1.0,.029,,-1.9,-1.8,-3.7,-0.7
16,OG Anunoby\anunoog01,SF,22,TOR,63,1897,13.2,.598,.408,.163,4.2,14.6,9.5,7.5,2.2,2.1,11.7,14.4,,1.8,3.3,5.1,.130,,-0.9,1.8,0.9,1.4
17,Ryan Arcidiacono\arcidry01,PG,25,CHI,58,930,9.0,.551,.627,.173,2.3,11.2,6.5,14.3,1.4,0.3,13.5,12.5,,0.7,0.7,1.4,.070,,-2.7,-0.1,-2.8,-0.2
18,Trevor Ariza\arizatr01,SF,34,TOT,53,1493,11.0,.593,.639,.228,2.5,15.6,9.0,8.1,2.2,0.9,13.6,11.9,,1.3,1.3,2.6,.084,,-1.5,0.9,-0.5,0.6
18,Trevor Ariza\arizatr01,SF,34,SAC,32,791,9.4,.543,.739,.164,2.9,18.3,10.4,8.4,2.2,0.8,13.7,11.3,,0.3,0.8,1.1,.069,,-1.9,1.3,-0.6,0.3
18,Trevor Ariza\arizatr01,SF,34,POR,21,702,12.8,.643,.535,.296,1.9,12.6,7.4,7.7,2.3,1.0,13.5,12.6,,1.0,0.5,1.5,.101,,-1.0,0.5,-0.5,0.3
19,D.J. Augustin\augusdj01,PG,32,ORL,49,1215,14.2,.548,.438,.395,1.5,8.3,4.8,26.7,1.2,0.1,12.9,19.1,,1.8,0.8,2.6,.101,,-0.3,-1.0,-1.4,0.2
20,Deandre Ayton\aytonde01,C,21,PHO,30,996,20.4,.571,.006,.168,13.5,27.0,20.1,9.7,1.0,4.5,12.4,24.3,,1.1,1.3,2.4,.117,,0.8,-0.4,0.5,0.6
21,Dwayne Bacon\bacondw01,SG,24,CHO,39,687,6.1,.419,.275,.217,2.3,14.0,7.9,11.7,1.7,0.3,12.2,19.5,,-1.2,0.4,-0.8,-0.053,,-5.9,-0.9,-6.8,-0.8
22,Marvin Bagley III\baglema01,PF,20,SAC,13,334,15.7,.512,.132,.186,9.5,23.6,16.4,5.0,0.9,3.4,9.1,25.9,,0.0,0.4,0.4,.055,,-2.1,-1.3,-3.4,-0.1
23,Lonzo Ball\balllo01,PG,22,NOP,56,1817,13.7,.529,.578,.107,3.6,16.6,10.1,29.3,2.0,1.4,20.7,18.6,,0.7,1.9,2.6,.068,,0.4,0.6,1.0,1.3
24,Mo Bamba\bambamo01,C,21,ORL,60,868,17.8,.549,.369,.163,11.7,25.7,18.5,7.3,1.2,8.9,12.2,17.2,,0.9,1.7,2.5,.140,,-1.1,1.7,0.5,0.6
25,J.J. Barea\bareajo01,PG,35,DAL,26,391,14.9,.519,.425,.101,2.7,10.0,6.4,37.7,0.5,0.4,15.8,24.3,,0.5,0.2,0.7,.084,,1.8,-2.7,-1.0,0.1
26,Harrison Barnes\barneha02,PF,27,SAC,64,2231,13.3,.575,.342,.343,3.0,12.7,7.7,9.9,0.8,0.4,8.9,17.6,,3.1,1.1,4.2,.091,,0.0,-1.2,-1.2,0.5
27,RJ Barrett\barrerj01,SG,19,NYK,56,1704,10.7,.479,.271,.349,3.0,14.8,8.7,12.8,1.6,0.9,12.9,24.0,,-1.6,1.1,-0.5,-0.015,,-2.8,-1.5,-4.3,-1.0
28,Will Barton\bartowi01,SF,29,DEN,58,1916,15.7,.549,.390,.180,4.4,16.8,10.6,16.0,1.6,1.4,9.9,20.0,,2.4,2.1,4.5,.113,,1.2,-0.1,1.2,1.5
29,Keita Bates-Diop\bateske01,SF,24,TOT,39,665,12.6,.541,.452,.332,3.2,15.0,8.9,6.5,1.2,2.6,5.5,15.6,,0.6,0.5,1.1,.081,,-0.8,-0.1,-0.8,0.2
29,Keita Bates-Diop\bateske01,SF,24,MIN,37,646,12.5,.535,.456,.316,3.3,15.1,9.0,6.7,1.2,2.6,5.6,15.8,,0.6,0.5,1.0,.076,,-0.8,-0.1,-0.9,0.2
29,Keita Bates-Diop\bateske01,SF,24,DEN,2,19,15.8,.931,.000,2.000,0.0,11.7,5.9,0.0,0.0,4.8,0.0,8.6,,0.1,0.0,0.1,.218,,0.0,0.1,0.0,0.0
30,Nicolas Batum\batumni01,SF,31,CHO,22,505,9.2,.463,.605,.123,5.2,16.8,10.8,18.3,1.7,1.5,20.5,9.4,,0.2,0.4,0.6,.055,,-2.7,0.9,-1.9,0.0
31,Aron Baynes\baynear01,C,33,PHO,42,934,15.1,.581,.441,.197,8.3,20.2,14.1,11.0,0.5,2.2,10.8,21.1,,1.3,0.7,2.0,.103,,-0.2,-0.9,-1.1,0.2
32,Kent Bazemore\bazemke01,SF-SG,30,TOT,64,1604,9.2,.500,.461,.287,1.6,16.9,9.2,7.1,2.1,2.1,13.2,17.2,,-0.8,1.5,0.7,.020,,-3.4,0.4,-3.0,-0.4
32,Kent Bazemore\bazemke01,SF,30,POR,43,1111,7.6,.475,.525,.221,1.2,14.6,8.0,7.2,1.9,2.4,14.4,16.0,,-1.0,0.9,-0.1,-0.005,,-3.6,0.4,-3.2,-0.3
32,Kent Bazemore\bazemke01,SG,30,SAC,21,493,13.0,.543,.337,.414,2.5,22.1,12.0,7.1,2.5,1.6,11.1,19.9,,0.2,0.6,0.8,.077,,-3.0,0.4,-2.6,-0.1
33,Darius Bazley\bazleda01,PF,19,OKC,53,909,8.1,.475,.435,.204,2.7,20.7,12.0,4.3,1.1,3.3,13.8,14.1,,-0.8,1.2,0.4,.019,,-3.1,0.6,-2.5,-0.1
34,Bradley Beal\bealbr01,SG,26,WAS,57,2053,23.1,.579,.369,.351,2.7,10.6,6.5,29.1,1.6,1.0,11.4,34.4,,4.6,0.5,5.1,.119,,5.3,-2.4,2.9,2.5
35,Malik Beasley\beaslma01,SG,23,TOT,55,1209,12.7,.546,.517,.124,1.6,11.9,6.6,9.4,1.6,0.6,9.2,21.8,,0.4,0.9,1.3,.053,,-0.7,-1.3,-2.0,0.0
35,Malik Beasley\beaslma01,SG,23,DEN,41,746,10.5,.511,.535,.126,1.3,10.1,5.7,9.1,2.1,0.7,10.2,20.6,,-0.2,0.7,0.6,.037,,-2.2,-0.6,-2.8,-0.2
35,Malik Beasley\beaslma01,SG,23,MIN,14,463,16.2,.591,.494,.120,2.0,14.7,8.1,9.8,0.9,0.4,7.9,23.7,,0.6,0.2,0.8,.079,,1.8,-2.4,-0.6,0.2
36,Marco Belinelli\belinma01,SG,33,SAS,52,779,10.2,.521,.572,.151,0.6,11.9,6.2,11.3,0.6,0.1,5.2,17.0,,0.4,0.1,0.6,.035,,-1.0,-1.9,-2.9,-0.2
37,Jordan Bell\belljo01,C-PF,25,TOT,29,256,13.9,.577,.179,.463,12.0,21.8,16.7,8.9,0.5,3.2,20.7,16.4,,0.2,0.2,0.4,.070,,-1.4,-1.1,-2.5,0.0
37,Jordan Bell\belljo01,C,25,MIN,27,235,14.1,.570,.150,.483,12.1,23.3,17.5,8.6,0.4,3.5,19.8,15.9,,0.2,0.2,0.4,.072,,-1.5,-1.1,-2.5,0.0
37,Jordan Bell\belljo01,PF,25,MEM,2,21,12.6,.635,.429,.286,10.2,4.9,7.5,12.8,2.2,0.0,27.6,21.5,,0.0,0.0,0.0,.046,,-0.4,-1.1,-1.5,0.0
38,DeAndre' Bembry\bembrde01,SG,25,ATL,43,915,9.6,.500,.285,.211,4.0,14.1,8.9,12.3,2.8,1.7,19.4,14.0,,-0.5,0.7,0.2,.011,,-3.5,1.0,-2.4,-0.1
39,Dragan Bender\bendedr01,SF,22,TOT,16,286,11.0,.545,.467,.152,5.9,21.1,13.5,14.4,0.7,2.8,17.6,17.7,,0.0,0.3,0.3,.053,,-3.0,0.1,-2.9,-0.1
39,Dragan Bender\bendedr01,SF,22,MIL,7,91,8.5,.582,.429,.143,0.0,20.5,10.9,12.5,0.0,4.8,18.3,12.4,,0.0,0.2,0.2,.110,,-4.3,3.0,-1.3,0.0
39,Dragan Bender\bendedr01,SF,22,GSW,9,195,12.1,.534,.479,.155,8.6,21.3,14.7,15.2,1.0,1.8,17.4,20.1,,0.0,0.1,0.1,.027,,-2.4,-1.3,-3.6,-0.1
40,Dāvis Bertāns\bertada01,PF,27,WAS,54,1583,15.5,.628,.774,.200,2.3,15.1,8.5,8.3,1.1,1.8,8.2,19.0,,3.0,0.5,3.5,.106,,2.7,-1.8,0.9,1.1
41,Patrick Beverley\beverpa01,PG,31,LAC,48,1299,12.3,.554,.609,.126,4.6,15.7,10.3,18.2,1.9,1.7,15.7,13.0,,1.4,2.0,3.4,.126,,-0.5,2.6,2.1,1.3
42,Khem Birch\birchkh01,C,27,ORL,40,777,10.1,.529,.009,.583,9.3,15.7,12.4,6.1,1.0,2.4,13.7,9.3,,0.7,0.8,1.5,.092,,-3.3,0.3,-3.0,-0.2
43,Goga Bitadze\bitadgo01,C,20,IND,49,410,12.2,.530,.279,.256,6.0,19.8,12.9,7.1,0.7,6.9,14.8,18.1,,-0.1,0.7,0.6,.069,,-4.0,1.5,-2.5,0.0
44,Bismack Biyombo\biyombi01,C,27,CHO,53,1029,16.1,.570,.000,.543,12.3,20.7,16.3,7.8,0.5,4.4,12.2,16.8,,1.5,0.9,2.4,.113,,-1.8,-0.7,-2.5,-0.1
45,Nemanja Bjelica\bjeline01,PF,31,SAC,64,1821,15.6,.597,.488,.121,6.5,19.4,12.8,14.6,1.4,1.7,12.6,17.4,,3.0,1.7,4.7,.125,,1.2,0.4,1.6,1.7
46,Eric Bledsoe\bledser01,PG,30,MIL,56,1524,18.1,.579,.304,.292,2.8,13.3,8.4,28.5,1.6,1.4,15.8,24.0,,2.4,2.9,5.3,.168,,1.1,1.1,2.2,1.6
47,Bogdan Bogdanović\bogdabo01,SG,27,SAC,53,1510,14.3,.560,.595,.164,1.2,11.8,6.4,17.2,1.7,0.9,11.5,22.3,,1.2,1.1,2.4,.075,,0.7,-0.3,0.4,0.9
48,Bojan Bogdanović\bogdabo02,SF,30,UTA,63,2083,15.7,.603,.489,.296,2.2,11.1,6.8,9.9,0.8,0.3,13.1,25.6,,2.7,1.6,4.3,.099,,1.6,-1.5,0.2,1.1
49,Jonah Bolden\boldejo01,PF,24,TOT,7,47,4.9,.392,.364,.364,7.0,14.4,10.6,0.0,3.0,3.7,13.6,13.4,,-0.1,0.1,0.0,-0.008,,-8.8,-0.1,-8.9,-0.1
49,Jonah Bolden\boldejo01,PF,24,PHI,4,14,-2.0,.515,.333,.667,0.0,7.9,3.9,0.0,3.5,0.0,34.0,18.1,,-0.1,0.0,0.0,-0.147,,-13.9,-0.7,-14.7,0.0
49,Jonah Bolden\boldejo01,PF,24,PHO,3,33,7.9,.338,.375,.250,9.9,17.2,13.5,0.0,2.9,5.3,0.0,11.4,,0.0,0.1,0.0,.051,,-6.6,0.1,-6.5,0.0
50,Marques Bolden\boldema01,C,21,CLE,1,3,19.8,,,,0.0,74.7,37.0,0.0,16.2,0.0,,0.0,,0.0,0.0,0.0,.282,,-5.8,11.3,5.5,0.0
51,Jordan Bone\bonejo01,PG,22,DET,10,53,0.8,.300,.500,.000,0.0,8.7,4.3,21.0,0.9,0.0,9.1,18.1,,-0.1,0.0,-0.1,-0.118,,-9.0,-2.9,-11.9,-0.1
52,Isaac Bonga\bongais01,SF,20,WAS,58,1025,10.7,.627,.299,.348,6.3,13.6,9.8,7.7,1.7,1.8,16.2,10.3,,1.3,0.4,1.7,.081,,-2.4,0.0,-2.4,-0.1
53,Devin Booker\bookede01,SG,23,PHO,62,2241,19.8,.617,.313,.395,1.3,11.7,6.4,30.2,1.0,0.6,15.7,29.5,,4.8,1.2,6.0,.129,,3.1,-1.4,1.7,2.1
54,Chris Boucher\bouchch01,PF,27,TOR,55,724,19.8,.570,.381,.396,14.0,21.1,17.7,4.7,1.3,7.1,7.0,19.4,,1.7,1.5,3.2,.214,,0.4,1.0,1.4,0.6
55,Brian Bowen\bowenbr02,SG,21,IND,5,29,-2.0,.222,.222,.000,3.8,22.7,13.3,0.0,0.0,3.0,10.0,15.2,,-0.1,0.0,-0.1,-0.154,,-9.7,-2.1,-11.8,-0.1
56,Ky Bowman\bowmaky01,PG,22,GSW,45,1015,9.2,.494,.333,.128,2.5,10.7,6.5,19.4,2.1,0.9,17.1,17.2,,-0.6,0.6,-0.1,-0.003,,-4.0,-0.3,-4.3,-0.6
57,Avery Bradley\bradlav01,SG,29,LAL,49,1186,8.9,.537,.452,.063,1.7,8.7,5.3,7.1,1.7,0.4,10.7,15.7,,0.2,1.4,1.6,.066,,-2.9,0.5,-2.4,-0.1
58,Tony Bradley\bradlto01,C,22,UTA,50,535,21.8,.675,.006,.258,19.3,24.7,22.1,4.9,1.1,3.9,11.8,16.1,,1.8,0.9,2.7,.242,,0.9,0.4,1.3,0.4
59,Jarrell Brantley\brantja01,PF,23,UTA,5,13,2.7,,,,0.0,40.3,21.1,9.2,0.0,12.8,100.0,6.8,,0.0,0.0,0.0,-0.053,,-8.6,5.9,-2.7,0.0
60,Ignas Brazdeikis\brazdig01,SF,21,NYK,9,53,3.3,.351,.409,.227,3.9,6.2,5.0,10.6,0.0,1.8,7.6,21.0,,-0.1,0.0,-0.1,-0.109,,-5.0,-3.9,-8.9,-0.1
61,Mikal Bridges\bridgmi01,SF,23,PHO,65,1772,13.0,.623,.391,.258,3.6,12.8,8.1,8.9,2.5,1.9,12.5,12.4,,2.2,1.9,4.1,.111,,-0.7,1.5,0.8,1.3
62,Miles Bridges\bridgmi02,SF,21,CHO,65,1995,12.1,.520,.398,.174,4.6,15.6,9.9,9.4,1.0,2.2,10.5,20.0,,0.3,1.3,1.6,.038,,-1.5,-1.0,-2.5,-0.3
63,Oshae Brissett\brissos01,SF,21,TOR,19,135,6.7,.458,.417,.278,7.2,13.0,10.2,7.0,1.4,0.7,14.8,15.0,,-0.1,0.2,0.1,.042,,-5.7,0.3,-5.4,-0.1
64,Ryan Broekhoff\broekry01,SG,29,DAL,17,180,13.1,.568,.864,.136,3.0,21.7,12.5,8.3,1.3,1.9,8.8,16.3,,0.2,0.2,0.4,.116,,0.4,0.4,0.9,0.1
65,Malcolm Brogdon\brogdma01,PG,27,IND,48,1472,17.8,.537,.296,.246,3.0,13.8,8.5,34.5,1.1,0.5,13.6,25.2,,2.0,1.4,3.5,.113,,2.2,-0.5,1.7,1.4
66,Dillon Brooks\brookdi01,SG,24,MEM,65,1851,11.1,.508,.387,.192,3.5,8.4,6.0,10.0,1.4,1.2,9.7,25.0,,-0.3,1.3,1.0,.025,,-2.8,-1.5,-4.3,-1.1
67,Bruce Brown\brownbr01,SG,23,DET,58,1634,11.9,.518,.215,.266,4.2,15.0,9.5,20.4,1.9,1.5,16.7,16.0,,0.8,1.4,2.1,.062,,-2.0,0.8,-1.2,0.3
68,Charlie Brown\brownch02,SG,22,ATL,10,40,11.1,.472,.474,.263,5.3,5.5,5.4,7.3,2.3,4.2,12.4,25.1,,0.0,0.0,0.0,-0.028,,-1.1,-1.4,-2.5,0.0
69,Jaylen Brown\brownja02,SF,23,BOS,50,1702,17.1,.589,.364,.280,3.4,16.5,10.0,10.2,1.6,0.9,11.8,24.7,,2.1,2.3,4.5,.126,,1.0,-0.1,0.9,1.2
70,Moses Brown\brownmo01,C,20,POR,9,33,6.7,.407,.000,.800,9.6,34.0,22.0,4.1,1.4,2.6,18.2,21.2,,-0.1,0.0,0.0,-0.062,,-8.2,-1.7,-9.9,-0.1
71,Sterling Brown\brownst02,SF,24,MIL,45,665,9.3,.478,.523,.161,4.4,19.2,12.3,8.8,1.5,0.9,13.4,16.7,,-0.4,1.3,1.0,.071,,-3.1,1.0,-2.0,0.0
72,Troy Brown Jr.\browntr01,SG,20,WAS,61,1519,13.7,.534,.287,.225,4.4,19.6,11.7,13.0,2.3,0.3,10.5,17.0,,1.2,0.9,2.2,.069,,-0.8,-0.4,-1.3,0.3
73,Jalen Brunson\brunsja01,PG,23,DAL,57,1022,15.0,.553,.309,.193,2.3,11.3,6.9,26.9,1.0,0.3,13.6,20.4,,1.6,0.7,2.3,.108,,0.1,-0.9,-0.8,0.3
74,Thomas Bryant\bryanth01,C,22,WAS,38,901,20.0,.659,.176,.309,8.8,23.4,15.8,11.9,0.7,3.2,12.1,18.3,,2.4,0.5,2.9,.153,,2.1,-1.2,0.9,0.7
75,Reggie Bullock\bullore01,SG,28,NYK,29,684,9.3,.502,.496,.094,2.0,8.8,5.3,8.8,1.8,0.4,7.5,15.6,,0.2,0.3,0.5,.036,,-2.7,-0.3,-3.0,-0.2
76,Trey Burke\burketr01,PG,27,PHI,25,329,15.4,.545,.299,.142,5.0,6.7,5.9,24.2,1.0,0.3,8.2,19.3,,0.6,0.2,0.9,.129,,0.7,-1.1,-0.5,0.1
77,Alec Burks\burksal01,SG,28,TOT,59,1612,16.0,.549,.389,.358,2.8,15.2,8.8,16.9,1.7,0.9,9.5,23.8,,1.9,1.1,2.9,.088,,0.6,-0.7,-0.2,0.7
77,Alec Burks\burksal01,SG,28,GSW,48,1390,16.1,.552,.373,.373,2.8,15.3,8.8,17.4,1.7,1.1,9.8,23.8,,1.6,0.8,2.5,.085,,0.7,-0.6,0.1,0.7
77,Alec Burks\burksal01,SG,28,PHI,11,222,14.9,.527,.490,.270,3.0,14.9,9.0,13.4,1.8,0.0,7.4,23.5,,0.2,0.2,0.5,.103,,-0.2,-1.5,-1.7,0.0
78,Deonte Burton\burtode02,SG,26,OKC,34,284,5.9,.426,.438,.114,2.4,15.9,9.4,5.6,0.9,3.0,11.3,19.3,,-0.6,0.3,-0.3,-0.046,,-5.5,-0.4,-5.8,-0.3
79,Jimmy Butler\butleji01,SF,30,MIA,54,1851,23.4,.583,.162,.679,6.2,15.2,10.9,28.1,2.4,1.6,11.2,25.2,,6.0,2.5,8.5,.219,,4.0,1.3,5.2,3.4
80,Bruno Caboclo\cabocbr01,SF,24,TOT,27,220,13.4,.455,.364,.065,10.6,14.5,12.6,7.4,2.5,6.3,10.2,16.7,,0.0,0.4,0.3,.070,,-2.5,1.1,-1.4,0.0
80,Bruno Caboclo\cabocbr01,SF,24,MEM,22,192,11.9,.441,.362,.043,9.5,14.5,12.0,7.0,2.4,5.4,9.1,16.7,,-0.1,0.3,0.2,.051,,-3.3,0.8,-2.4,0.0
80,Bruno Caboclo\cabocbr01,SF,24,HOU,5,28,23.6,.563,.375,.250,18.6,15.1,16.9,10.1,3.3,12.2,18.4,16.0,,0.1,0.1,0.1,.200,,2.5,3.2,5.7,0.1
81,Kentavious Caldwell-Pope\caldwke01,SG,26,LAL,63,1603,11.6,.592,.474,.204,2.6,6.3,4.5,8.7,1.6,0.7,9.8,14.8,,2.0,1.8,3.8,.114,,-0.8,0.5,-0.3,0.7
82,Vlatko Čančar\cancavl01,SF,22,DEN,14,45,11.4,.507,.400,.267,12.4,12.4,12.4,9.1,1.1,2.0,15.2,19.1,,0.0,0.0,0.1,.069,,-3.5,-1.1,-4.5,0.0
83,Clint Capela\capelca01,C,25,HOU,39,1279,20.7,.626,.000,.268,13.7,30.5,22.0,5.7,1.2,4.8,12.7,16.0,,2.9,2.1,5.0,.186,,1.1,0.4,1.5,1.1
84,DeMarre Carroll\carrode01,SF,33,TOT,21,231,8.5,.523,.500,.667,5.1,16.7,10.9,10.1,0.8,1.5,18.6,15.8,,0.0,0.1,0.1,.026,,-3.4,-1.1,-4.5,-0.1
84,DeMarre Carroll\carrode01,SF,33,SAS,15,135,5.0,.437,.448,.690,5.6,19.2,12.4,10.2,0.7,1.3,20.9,15.4,,-0.2,0.1,-0.1,-0.038,,-6.0,-1.1,-7.1,-0.2
84,DeMarre Carroll\carrode01,SF,33,HOU,6,96,13.5,.624,.560,.640,4.3,13.2,8.7,10.0,1.0,1.8,15.8,16.4,,0.2,0.1,0.2,.116,,0.3,-1.1,-0.8,0.0
85,Jevon Carter\carteje01,PG,24,PHO,50,754,10.4,.535,.571,.122,3.6,11.0,7.2,11.7,2.4,1.5,12.6,13.9,,0.3,0.7,1.1,.068,,-1.6,1.0,-0.6,0.3
86,Vince Carter\cartevi01,SF,43,ATL,60,876,7.6,.470,.664,.095,2.2,13.2,7.6,7.7,1.2,2.4,9.4,16.6,,-0.6,0.4,-0.2,-0.011,,-3.1,-1.2,-4.3,-0.5
87,Wendell Carter Jr.\cartewe01,C,20,CHI,43,1256,15.5,.590,.085,.443,11.6,24.6,17.8,6.0,1.3,2.7,14.9,16.4,,1.7,1.6,3.3,.127,,-2.1,-0.3,-2.4,-0.1
88,Michael Carter-Williams\cartemi01,SG,28,ORL,42,773,15.7,.539,.281,.360,5.9,13.8,9.7,19.4,2.8,2.3,14.6,18.4,,0.7,1.1,1.9,.116,,-1.3,1.7,0.4,0.5
89,Alex Caruso\carusal01,PG,25,LAL,58,1032,11.0,.538,.412,.292,1.5,10.1,5.9,12.6,2.8,1.4,13.6,13.9,,0.6,1.6,2.2,.103,,-2.4,2.4,0.1,0.5
90,Willie Cauley-Stein\caulewi01,C,26,TOT,54,1097,17.0,.589,.003,.219,8.0,23.2,15.5,9.9,2.1,4.9,10.8,14.4,,1.5,1.5,3.0,.129,,-1.2,1.7,0.5,0.7
90,Willie Cauley-Stein\caulewi01,C,26,GSW,41,940,16.2,.573,.000,.222,7.9,22.0,14.7,9.9,2.3,4.8,11.0,14.4,,1.0,1.2,2.2,.113,,-1.5,1.6,0.1,0.5
90,Willie Cauley-Stein\caulewi01,C,26,DAL,13,157,22.3,.684,.022,.200,8.8,30.7,20.0,9.6,1.2,5.9,9.3,14.7,,0.5,0.3,0.8,.230,,1.0,2.3,3.2,0.2
91,Tyson Chandler\chandty01,C,37,HOU,26,219,10.8,.717,.000,.722,11.9,19.8,15.8,3.5,1.3,3.1,25.2,6.0,,0.3,0.3,0.6,.130,,-2.5,1.1,-1.4,0.0
92,Wilson Chandler\chandwi01,SF,32,BRK,35,734,7.4,.531,.661,.126,1.6,18.3,10.2,7.4,1.0,1.4,15.0,13.0,,-0.1,0.9,0.8,.050,,-3.9,1.0,-2.9,-0.2
93,Joe Chealey\chealjo01,PG,24,CHO,4,33,-2.8,.127,.571,.286,0.0,0.0,0.0,3.9,6.1,0.0,20.2,13.2,,-0.2,0.0,-0.1,-0.189,,-14.3,1.7,-12.6,-0.1
94,Zylan Cheatham\cheatzy01,SF,24,NOP,3,31,0.1,.400,.200,.000,3.4,17.1,10.2,7.9,0.0,2.7,37.5,10.5,,-0.1,0.0,-0.1,-0.080,,-10.2,0.1,-10.2,-0.1
95,Chris Chiozza\chiozch01,PG,24,TOT,21,249,12.9,.526,.519,.025,2.5,12.5,7.4,26.7,2.8,0.7,17.5,16.2,,0.1,0.3,0.4,.077,,-0.8,1.6,0.8,0.2
95,Chris Chiozza\chiozch01,PG,24,WAS,10,123,9.2,.397,.471,.000,0.0,13.9,6.7,28.9,3.8,1.4,20.9,14.5,,-0.1,0.1,0.0,-0.002,,-3.6,2.1,-1.4,0.0
95,Chris Chiozza\chiozch01,PG,24,BRK,11,126,16.5,.621,.556,.044,5.0,11.2,8.2,24.5,1.9,0.0,14.8,17.9,,0.3,0.1,0.4,.154,,1.8,1.1,3.0,0.2
96,Marquese Chriss\chrisma01,PF,22,GSW,59,1196,19.4,.604,.101,.405,10.0,23.6,16.5,15.3,1.6,4.7,14.7,19.0,,2.1,1.3,3.4,.136,,0.1,0.5,0.6,0.8
97,Gary Clark\clarkga01,PF,25,TOT,35,425,10.3,.534,.851,.089,6.6,14.8,10.6,4.7,0.6,2.9,4.5,10.9,,0.5,0.4,0.9,.098,,-1.1,-1.1,-2.2,0.0
97,Gary Clark\clarkga01,PF,25,HOU,18,212,11.9,.564,.864,.119,5.4,14.4,9.9,7.6,0.4,2.8,3.1,12.5,,0.4,0.2,0.6,.126,,0.4,-0.9,-0.5,0.1
97,Gary Clark\clarkga01,PF,25,ORL,17,213,8.8,.490,.833,.048,7.8,15.1,11.3,1.9,0.7,3.0,6.5,9.3,,0.1,0.2,0.3,.070,,-2.7,-1.3,-3.9,-0.1
98,Brandon Clarke\clarkbr01,PF,23,MEM,50,1086,21.8,.670,.127,.228,7.7,20.3,14.1,10.1,1.1,3.3,9.3,19.0,,3.1,1.3,4.4,.192,,2.8,0.7,3.5,1.5
99,Jordan Clarkson\clarkjo01,SG,27,TOT,63,1527,17.9,.583,.469,.193,3.5,8.5,6.0,13.4,1.4,0.8,9.1,25.5,,2.6,0.9,3.5,.110,,2.7,-1.1,1.6,1.4
99,Jordan Clarkson\clarkjo01,SG,27,CLE,29,666,18.6,.581,.488,.264,3.5,8.1,5.8,17.0,1.2,1.0,9.7,25.9,,1.4,0.1,1.5,.108,,4.1,-1.4,2.7,0.8
99,Jordan Clarkson\clarkjo01,SG,27,UTA,34,861,17.4,.584,.454,.138,3.5,8.8,6.2,10.5,1.5,0.7,8.7,25.3,,1.2,0.8,2.0,.112,,1.6,-0.9,0.7,0.6
100,Nicolas Claxton\claxtni01,PF,20,BRK,15,187,14.9,.577,.146,.438,10.7,13.4,12.1,12.6,0.3,3.5,13.6,14.8,,0.3,0.2,0.5,.124,,-0.7,0.0,-0.7,0.1
101,Chris Clemons\clemoch01,SG,22,HOU,29,251,12.6,.546,.746,.056,1.2,8.4,4.8,13.5,1.1,1.7,11.6,24.0,,0.1,0.2,0.2,.046,,0.4,-1.7,-1.3,0.1
102,Antonius Cleveland\clevean01,SG,25,DAL,6,22,2.9,.363,.167,.333,0.0,14.0,7.1,0.0,2.2,3.9,12.7,15.3,,-0.1,0.0,0.0,-0.074,,-8.9,0.7,-8.3,0.0
103,Amir Coffey\coffeam01,SG,22,LAC,13,98,5.9,.408,.212,.091,4.3,10.3,7.4,12.6,0.5,0.9,8.0,15.8,,-0.1,0.1,0.0,.009,,-5.7,-1.1,-6.8,-0.1
104,John Collins\collijo01,PF,22,ATL,41,1363,23.5,.659,.243,.248,9.0,24.0,16.4,7.6,1.1,4.1,10.1,22.7,,3.8,1.1,4.9,.174,,3.7,-0.7,3.1,1.7
105,Zach Collins\colliza01,PF,22,POR,3,86,9.0,.624,.368,.316,4.9,9.5,7.2,9.1,0.0,2.0,21.7,13.6,,0.1,0.0,0.1,.045,,-1.1,-0.7,-1.7,0.0
106,Mike Conley\conlemi01,PG,32,UTA,41,1171,13.7,.527,.438,.241,2.7,9.5,6.2,22.8,1.3,0.3,12.4,23.0,,1.0,1.0,2.1,.085,,0.4,-0.4,0.0,0.6
107,Pat Connaughton\connapa01,SG,27,MIL,61,1119,11.2,.558,.525,.138,5.3,16.9,11.4,10.6,0.8,2.3,14.5,11.9,,0.9,2.1,3.0,.130,,-1.1,1.6,0.5,0.7
108,Quinn Cook\cookqu01,PG,26,LAL,38,409,10.5,.517,.382,.052,1.9,8.6,5.3,13.9,1.3,0.2,12.4,20.8,,-0.1,0.4,0.4,.043,,-2.3,-1.0,-3.3,-0.1
109,Tyler Cook\cookty01,PF,22,CLE,11,35,23.8,.752,.000,.600,12.6,19.2,15.9,4.5,1.4,0.0,7.3,16.7,,0.2,0.0,0.2,.244,,3.0,-0.6,2.4,0.0
110,Robert Covington\covinro01,PF,29,TOT,62,1867,13.6,.571,.654,.167,3.0,19.9,11.2,5.8,2.4,3.6,11.8,17.4,,0.9,2.4,3.3,.085,,-1.0,1.1,0.1,1.0
110,Robert Covington\covinro01,PF,29,MIN,48,1411,13.5,.572,.629,.190,2.6,19.5,10.7,5.9,2.6,2.6,12.0,17.8,,0.5,1.7,2.3,.078,,-1.2,1.2,0.0,0.7
110,Robert Covington\covinro01,PF,29,HOU,14,456,14.1,.566,.737,.092,4.1,21.3,12.7,5.5,1.5,6.6,11.2,16.1,,0.3,0.7,1.0,.108,,-0.3,0.8,0.5,0.3
111,Allen Crabbe\crabbal01,SG,27,TOT,37,653,6.0,.470,.672,.079,1.8,11.0,6.3,6.8,1.1,0.5,8.5,12.7,,-0.2,0.1,-0.1,-0.007,,-3.7,-1.5,-5.3,-0.5
111,Allen Crabbe\crabbal01,SG,27,ATL,28,522,7.2,.482,.650,.084,2.0,11.5,6.7,7.3,1.3,0.6,7.5,12.7,,0.0,0.1,0.1,.008,,-3.0,-1.1,-4.1,-0.3
111,Allen Crabbe\crabbal01,SG,27,MIN,9,131,1.1,.416,.765,.059,0.8,9.2,4.8,5.1,0.0,0.0,12.5,12.5,,-0.2,0.0,-0.2,-0.068,,-6.6,-3.2,-9.9,-0.3
112,Torrey Craig\craigto01,SF,29,DEN,50,869,10.4,.559,.524,.149,6.1,13.8,10.0,5.2,1.0,3.4,9.0,12.2,,0.8,0.9,1.7,.095,,-2.4,0.1,-2.3,-0.1
113,Jae Crowder\crowdja01,SF,29,TOT,58,1695,12.1,.532,.692,.236,3.1,18.7,11.1,11.7,1.9,1.1,9.9,15.6,,1.2,2.0,3.2,.090,,-0.9,0.3,-0.6,0.6
113,Jae Crowder\crowdja01,SF,29,MEM,45,1322,11.0,.507,.667,.238,3.2,18.4,11.0,12.2,1.7,0.9,10.9,15.6,,0.5,1.4,1.9,.068,,-1.4,0.1,-1.2,0.3
113,Jae Crowder\crowdja01,SF,29,MIA,13,373,16.0,.618,.781,.228,2.5,19.6,11.4,10.3,2.6,1.9,6.0,15.8,,0.7,0.6,1.3,.168,,0.7,1.1,1.8,0.4
114,Jarrett Culver\culveja01,SG,20,MIN,63,1506,9.6,.467,.388,.206,4.7,10.3,7.4,10.8,1.8,2.1,11.5,19.2,,-1.2,1.1,-0.1,-0.004,,-3.2,-0.8,-4.0,-0.8
115,Seth Curry\curryse01,SG,29,DAL,59,1448,16.2,.650,.564,.165,1.9,8.0,5.0,12.1,1.2,0.5,9.5,18.6,,3.4,0.9,4.3,.144,,2.0,-0.7,1.4,1.2
116,Stephen Curry\curryst01,PG,31,GSW,5,139,21.7,.557,.598,.317,3.0,17.8,10.1,42.3,1.7,1.3,14.6,33.6,,0.2,0.1,0.3,.104,,4.5,-0.6,3.9,0.2
117,Troy Daniels\danietr01,SG,28,TOT,42,457,8.9,.524,.711,.101,2.9,7.9,5.5,4.1,0.8,0.6,5.1,16.2,,0.2,0.4,0.7,.070,,-1.2,-1.0,-2.2,0.0
117,Troy Daniels\danietr01,SG,28,LAL,41,456,9.0,.527,.709,.101,2.9,7.9,5.5,4.1,0.8,0.6,5.2,16.1,,0.3,0.4,0.7,.072,,-1.1,-1.0,-2.1,0.0
117,Troy Daniels\danietr01,SG,28,DEN,1,1,-40.8,.000,1.000,.000,0.0,0.0,0.0,0.0,0.0,0.0,0.0,43.4,,0.0,0.0,0.0,-1.036,,-38.4,-22.8,-61.2,0.0
118,Anthony Davis\davisan02,PF,26,LAL,55,1889,28.2,.614,.195,.460,7.3,22.1,14.9,14.6,2.1,6.2,10.1,29.7,,6.2,4.1,10.3,.262,,5.8,2.8,8.5,5.0
119,Ed Davis\davised01,C,30,UTA,25,268,7.3,.425,.000,.324,12.4,25.8,19.4,3.8,1.8,2.8,25.1,8.5,,-0.1,0.5,0.4,.074,,-5.5,1.7,-3.9,-0.1
120,Terence Davis\daviste02,SG,22,TOR,64,1087,14.5,.598,.568,.133,4.6,16.3,10.5,14.6,1.4,1.1,13.6,18.9,,1.4,1.6,3.0,.133,,0.7,0.6,1.3,0.9
121,Dewayne Dedmon\dedmode01,C,30,TOT,44,774,9.4,.473,.420,.141,8.5,27.7,17.9,4.1,1.5,4.8,17.4,18.2,,-1.0,1.1,0.1,.006,,-5.8,0.0,-5.8,-0.7
121,Dewayne Dedmon\dedmode01,C,30,SAC,34,541,8.5,.477,.415,.164,9.3,25.9,17.4,3.9,1.4,4.6,20.4,18.6,,-0.8,0.7,-0.1,-0.005,,-6.3,-0.1,-6.4,-0.6
121,Dewayne Dedmon\dedmode01,C,30,ATL,10,233,11.4,.463,.429,.095,6.4,31.8,18.9,4.3,2.0,5.4,10.3,17.4,,-0.2,0.3,0.2,.032,,-4.5,0.1,-4.4,-0.1
122,Matthew Dellavedova\dellama01,PG,29,CLE,57,821,8.1,.463,.520,.211,2.4,7.8,5.1,29.0,1.2,0.2,23.6,13.0,,0.1,0.1,0.2,.010,,-3.6,-1.6,-5.2,-0.7
123,DeMar DeRozan\derozde01,SF,30,SAS,61,2091,21.3,.597,.031,.419,2.0,15.7,8.9,26.0,1.4,0.6,11.5,26.6,,5.1,1.1,6.2,.143,,2.1,-0.5,1.6,1.9
124,Cheick Diallo\diallch01,C,23,PHO,44,467,16.3,.688,.015,.270,6.5,24.1,15.1,7.2,1.0,2.3,16.4,16.7,,0.8,0.5,1.3,.129,,-1.1,-0.3,-1.4,0.1
125,Hamidou Diallo\diallha01,SF,21,OKC,38,699,8.4,.488,.160,.205,4.8,14.3,9.7,4.5,2.0,1.0,13.4,17.4,,-0.6,0.8,0.2,.014,,-5.0,0.3,-4.8,-0.5
126,Gorgui Dieng\dienggo01,C,30,TOT,58,1012,17.4,.564,.414,.242,8.8,26.5,17.5,10.3,2.2,4.6,12.7,17.7,,1.1,1.6,2.7,.128,,0.0,1.8,1.8,0.9
126,Gorgui Dieng\dienggo01,C,30,MIN,46,778,17.8,.563,.433,.213,9.5,25.8,17.4,11.1,2.2,4.5,12.7,18.4,,1.0,1.1,2.1,.129,,0.3,1.5,1.8,0.7
126,Gorgui Dieng\dienggo01,C,30,MEM,12,234,16.2,.568,.333,.364,6.4,29.0,17.9,7.5,2.2,5.2,12.6,15.6,,0.2,0.4,0.6,.128,,-1.2,2.9,1.7,0.2
127,Spencer Dinwiddie\dinwisp01,SG,26,BRK,64,1994,17.9,.541,.392,.437,1.7,9.5,5.7,35.6,1.0,0.9,12.5,29.2,,3.4,1.7,5.1,.123,,2.6,-0.8,1.7,1.9
128,Donte DiVincenzo\divindo01,SG,23,MIL,59,1362,15.0,.570,.489,.173,4.6,15.7,10.5,13.3,2.7,1.2,12.9,16.9,,1.4,3.1,4.5,.158,,-0.6,2.7,2.1,1.4
129,Luka Dončić\doncilu01,PG,20,DAL,54,1799,27.7,.584,.442,.442,4.1,24.7,14.6,45.3,1.6,0.5,14.6,37.0,,5.8,2.3,8.1,.215,,7.3,1.1,8.4,4.7
130,Luguentz Dort\dortlu01,SG,20,OKC,29,637,7.3,.521,.465,.229,2.7,6.6,4.7,4.5,1.8,0.3,8.0,13.0,,0.2,0.5,0.7,.052,,-4.3,0.4,-3.9,-0.3
131,Damyean Dotson\dotsoda01,SG,25,NYK,48,836,10.9,.527,.562,.114,1.2,10.6,5.8,10.0,1.3,0.5,6.5,16.5,,0.6,0.3,0.9,.053,,-0.9,-0.5,-1.4,0.1
132,Sekou Doumbouya\doumbse01,SF,19,DET,38,754,6.2,.474,.415,.195,3.0,14.9,8.9,3.6,1.3,0.9,12.0,16.9,,-0.8,0.5,-0.3,-0.020,,-5.2,-1.5,-6.7,-0.9
133,PJ Dozier\doziepj01,PG,23,DEN,21,234,9.3,.449,.308,.121,2.4,11.9,7.1,17.5,1.5,2.0,10.3,19.8,,-0.1,0.2,0.1,.019,,-4.4,-0.8,-5.2,-0.2
134,Goran Dragić\dragigo01,PG,33,MIA,54,1531,15.9,.571,.472,.333,2.0,9.9,6.1,28.6,1.0,0.5,14.9,25.7,,2.0,1.1,3.0,.095,,1.4,-1.9,-0.5,0.6
135,Andre Drummond\drumman01,C,26,TOT,57,1879,22.0,.553,.045,.375,14.9,37.5,26.0,13.6,2.8,4.2,18.2,25.9,,0.7,3.6,4.3,.109,,-0.1,1.1,1.0,1.4
135,Andre Drummond\drumman01,C,26,DET,49,1654,22.1,.550,.031,.376,15.3,38.2,26.6,14.0,2.9,4.2,18.0,25.5,,0.7,3.3,4.0,.116,,0.0,1.2,1.1,1.3
135,Andre Drummond\drumman01,C,26,CLE,8,225,21.1,.573,.133,.371,11.7,32.4,22.0,10.8,2.6,4.2,19.2,28.7,,-0.1,0.3,0.3,.054,,-0.8,0.4,-0.5,0.1
136,Jared Dudley\dudleja01,SF,34,LAL,40,311,7.4,.570,.680,.040,1.8,13.0,7.5,7.4,1.8,0.8,10.5,7.7,,0.2,0.4,0.7,.103,,-2.7,2.0,-0.7,0.1
137,Kris Dunn\dunnkr01,PG,25,CHI,51,1269,12.1,.510,.327,.158,1.9,14.9,8.1,19.4,3.8,1.3,15.7,14.6,,0.3,2.0,2.3,.085,,-3.7,3.1,-0.6,0.4
138,Carsen Edwards\edwarca01,SG,21,BOS,35,316,6.5,.446,.602,.115,2.1,12.4,7.3,9.5,1.5,0.9,11.2,18.1,,-0.3,0.4,0.1,.012,,-4.6,-0.3,-4.9,-0.2
139,Henry Ellenson\ellenhe01,PF,23,BRK,5,15,-1.2,.143,.571,.000,14.1,26.8,20.6,8.8,0.0,0.0,0.0,19.5,,-0.1,0.0,-0.1,-0.180,,-7.9,-3.1,-11.0,0.0
140,Wayne Ellington\ellinwa01,SG,32,NYK,36,558,8.5,.509,.822,.075,0.7,12.0,6.2,11.0,1.1,0.7,9.1,15.0,,0.2,0.2,0.4,.035,,-1.9,-1.0,-2.8,-0.1
141,Joel Embiid\embiijo01,C,25,PHI,44,1329,26.0,.593,.230,.545,10.1,33.1,21.6,17.3,1.4,3.7,13.4,32.6,,3.2,2.4,5.6,.203,,4.1,1.2,5.2,2.4
142,James Ennis\ennisja01,SF,29,TOT,61,1053,11.5,.557,.473,.265,6.3,14.5,10.4,7.2,1.3,1.6,11.6,15.2,,0.9,1.2,2.1,.096,,-2.1,-0.3,-2.5,-0.1
142,James Ennis\ennisja01,SF,29,PHI,49,776,12.3,.564,.469,.270,6.8,14.5,10.7,7.4,1.4,1.5,10.9,15.8,,0.8,0.9,1.8,.109,,-1.6,0.0,-1.6,0.1
142,James Ennis\ennisja01,SF,29,ORL,12,277,9.4,.537,.485,.250,4.9,14.4,9.5,6.6,1.1,2.0,13.7,13.7,,0.1,0.3,0.3,.060,,-3.7,-1.3,-5.0,-0.2
143,Drew Eubanks\eubandr01,PF,22,SAS,14,130,15.3,.776,.036,.393,6.6,22.4,14.5,5.5,0.7,4.1,23.3,14.3,,0.2,0.1,0.3,.120,,-2.6,-1.0,-3.7,-0.1
144,Jacob Evans\evansja02,SG,22,TOT,29,418,5.5,.436,.291,.216,2.3,8.6,5.3,10.8,1.3,2.6,14.6,17.5,,-0.7,0.2,-0.5,-0.056,,-5.7,-1.3,-7.0,-0.5
144,Jacob Evans\evansja02,SG,22,GSW,27,414,5.7,.439,.286,.218,2.3,8.7,5.4,10.9,1.3,2.6,14.6,17.6,,-0.6,0.2,-0.5,-0.054,,-5.7,-1.3,-7.0,-0.5
144,Jacob Evans\evansja02,SG,22,MIN,2,4,-9.6,.000,1.000,.000,0.0,0.0,0.0,0.0,0.0,0.0,0.0,10.3,,0.0,0.0,0.0,-0.264,,-10.4,-5.6,-16.0,0.0
145,Dante Exum\exumda01,SG,24,TOT,35,485,10.4,.576,.361,.361,2.8,12.6,7.7,11.5,1.3,1.4,18.4,15.0,,0.2,0.2,0.4,.043,,-2.5,-0.4,-2.9,-0.1
145,Dante Exum\exumda01,SG,24,UTA,11,83,4.8,.503,.261,.087,4.2,11.4,7.9,11.8,0.6,2.0,29.5,17.9,,-0.2,0.1,-0.1,-0.054,,-5.1,-0.5,-5.6,-0.1
145,Dante Exum\exumda01,SG,24,CLE,24,402,11.5,.592,.385,.427,2.5,12.8,7.6,11.4,1.5,1.3,15.6,14.4,,0.4,0.2,0.5,.063,,-1.9,-0.4,-2.3,0.0
146,Tacko Fall\fallta01,C,24,BOS,6,24,23.9,.713,.000,.250,0.0,48.7,24.6,0.0,0.0,7.7,18.4,29.0,,0.0,0.1,0.1,.102,,-2.0,3.1,1.0,0.0
147,Derrick Favors\favorde01,C,28,NOP,45,1089,19.0,.624,.023,.203,14.1,29.0,21.5,9.8,1.1,3.4,13.3,14.4,,2.4,1.4,3.8,.168,,0.8,0.4,1.2,0.9
148,Cristiano Felício\feliccr01,PF,27,CHI,22,386,12.8,.671,.037,.426,15.0,14.1,14.6,5.7,1.2,0.5,21.9,9.1,,0.7,0.3,1.0,.126,,-1.4,-1.6,-3.0,-0.1
149,Terrance Ferguson\fergute01,SF,21,OKC,50,1170,4.1,.504,.779,.095,2.3,4.6,3.5,5.0,1.1,1.2,12.6,9.0,,-0.1,0.8,0.7,.027,,-4.5,0.3,-4.1,-0.6
150,Bruno Fernando\fernabr01,C,21,ATL,56,713,11.9,.542,.186,.256,10.0,20.0,15.0,9.9,1.2,2.0,15.9,15.3,,0.4,0.4,0.8,.055,,-3.2,-1.0,-4.1,-0.4
151,Yogi Ferrell\ferreyo01,PG,26,SAC,44,484,10.7,.499,.408,.219,1.4,10.0,5.6,17.6,1.4,0.8,11.9,18.9,,0.1,0.3,0.4,.036,,-2.1,-0.4,-2.5,-0.1
152,Dorian Finney-Smith\finnedo01,PF,26,DAL,64,1898,12.2,.597,.580,.212,7.0,12.3,9.7,6.8,1.1,1.7,11.2,12.7,,2.9,1.6,4.5,.114,,0.0,-0.1,-0.2,0.9
153,Bryn Forbes\forbebr01,SG,26,SAS,63,1579,11.2,.570,.656,.155,0.8,7.8,4.3,9.6,1.0,0.0,8.4,18.6,,1.2,0.2,1.5,.045,,-0.6,-2.1,-2.7,-0.3
154,Evan Fournier\fournev01,SG,27,ORL,61,1931,16.7,.599,.467,.236,0.9,8.1,4.4,16.5,1.8,0.7,11.1,24.2,,2.7,1.7,4.4,.110,,1.5,-0.3,1.2,1.6
155,De'Aaron Fox\foxde01,PG,22,SAC,45,1426,20.3,.556,.221,.442,2.3,12.3,7.2,35.4,2.2,1.5,14.6,29.6,,2.1,1.3,3.5,.117,,2.1,-0.3,1.8,1.4
156,Melvin Frazier\frazime01,SG,23,ORL,15,51,7.5,.480,.412,.235,2.0,6.5,4.2,2.8,3.8,3.5,13.8,18.5,,-0.1,0.1,0.0,.003,,-6.0,1.5,-4.5,0.0
157,Michael Frazier\frazimi01,SG,25,HOU,8,66,2.4,.513,.727,.545,1.6,3.2,2.4,1.9,1.4,0.0,12.8,9.8,,0.0,0.0,0.0,.016,,-7.9,-0.9,-8.8,-0.1
158,Tim Frazier\fraziti01,PG,29,DET,27,355,9.8,.464,.319,.255,2.8,7.8,5.3,36.5,1.9,0.9,25.6,17.3,,-0.1,0.2,0.1,.016,,-2.9,-1.6,-4.5,-0.2
159,Markelle Fultz\fultzma01,PG,21,ORL,64,1813,14.4,.523,.175,.209,2.0,10.9,6.3,28.8,2.2,0.5,15.1,20.7,,0.8,1.9,2.7,.071,,-1.9,0.2,-1.7,0.1
160,Wenyen Gabriel\gabriwe01,PF,22,TOT,28,210,9.6,.547,.435,.435,9.1,14.0,11.6,5.0,2.3,2.5,22.6,14.5,,0.0,0.2,0.2,.043,,-3.9,0.0,-3.9,-0.1
160,Wenyen Gabriel\gabriwe01,PF,22,SAC,11,61,7.5,.444,.471,.588,7.2,11.4,9.2,6.7,2.4,3.1,18.9,18.9,,-0.1,0.1,0.0,-0.027,,-4.4,0.5,-3.9,0.0
160,Wenyen Gabriel\gabriwe01,PF,22,POR,17,149,10.5,.614,.414,.345,9.9,15.1,12.5,4.3,2.2,2.3,24.8,12.6,,0.1,0.1,0.2,.072,,-3.7,-0.2,-3.9,-0.1
161,Daniel Gafford\gaffoda01,C,21,CHI,43,609,16.2,.686,.000,.448,9.0,10.3,9.6,5.2,1.0,8.7,15.3,13.3,,1.1,0.8,1.8,.146,,-2.8,1.5,-1.3,0.1
162,Danilo Gallinari\gallida01,PF,31,OKC,55,1690,19.4,.611,.538,.352,2.2,17.1,9.9,10.5,1.2,0.2,7.5,24.4,,4.1,1.6,5.7,.163,,4.1,-0.9,3.2,2.2
163,Langston Galloway\gallola01,SG,28,DET,66,1702,12.3,.584,.611,.157,2.2,7.8,5.0,8.8,1.4,0.5,6.5,15.9,,2.4,0.7,3.1,.087,,0.1,-0.9,-0.8,0.5
164,Darius Garland\garlada01,PG,20,CLE,59,1824,8.5,.498,.423,.103,1.6,5.2,3.4,18.5,1.1,0.2,17.1,20.7,,-1.3,0.0,-1.3,-0.035,,-2.7,-2.9,-5.6,-1.7
165,Marc Gasol\gasolma01,C,35,TOR,36,990,11.9,.546,.538,.153,3.2,20.8,12.2,16.9,1.3,3.2,14.6,12.7,,0.9,1.8,2.7,.128,,-0.9,2.7,1.8,0.9
166,Rudy Gay\gayru01,PF,33,SAS,60,1287,14.4,.545,.369,.225,4.7,22.3,13.5,11.3,1.0,1.9,12.4,21.3,,0.6,0.9,1.5,.054,,-0.5,-1.0,-1.5,0.2
167,Paul George\georgpa01,SF,29,LAC,42,1222,20.5,.582,.494,.277,1.9,18.1,10.2,21.2,2.2,1.4,13.0,29.6,,1.9,2.0,3.9,.153,,3.4,1.1,4.5,2.0
168,Taj Gibson\gibsota01,C,34,NYK,62,1025,16.1,.610,.049,.196,11.2,16.7,13.9,7.6,1.3,2.8,13.1,14.8,,1.8,0.8,2.6,.120,,-0.7,-0.4,-1.1,0.2
169,Harry Giles\gilesha01,PF,21,SAC,38,579,16.3,.586,.000,.208,6.3,25.2,15.5,13.4,1.8,2.3,13.4,19.6,,0.7,0.7,1.4,.120,,-2.2,1.1,-1.1,0.1
170,Shai Gilgeous-Alexander\gilgesh01,SG,21,OKC,63,2214,17.8,.566,.237,.339,2.3,16.4,9.6,14.8,1.5,1.7,9.8,23.7,,2.9,2.6,5.5,.120,,1.4,0.2,1.6,2.0
171,Rudy Gobert\goberru01,C,27,UTA,62,2142,21.7,.700,.000,.725,11.3,31.3,21.8,6.5,1.1,4.8,15.2,16.1,,6.0,4.0,10.0,.225,,1.8,1.9,3.7,3.1
172,Brandon Goodwin\goodwbr01,PG,24,ATL,34,430,11.7,.507,.458,.158,2.7,15.5,9.0,18.0,1.3,0.8,12.5,22.4,,-0.1,0.2,0.1,.013,,-1.5,-1.3,-2.9,-0.1
173,Aaron Gordon\gordoaa01,PF,24,ORL,58,1914,14.8,.511,.311,.280,5.6,19.6,12.4,17.2,1.3,1.7,10.3,20.6,,1.2,2.2,3.3,.084,,-0.3,0.1,-0.3,0.8
174,Eric Gordon\gordoer01,SG,31,HOU,34,972,10.5,.511,.658,.235,0.9,6.2,3.5,7.8,1.1,1.1,6.9,22.1,,0.2,0.5,0.7,.037,,-1.6,-2.0,-3.6,-0.4
175,Devonte' Graham\grahade01,PG,24,CHO,63,2211,15.8,.537,.607,.242,2.0,8.7,5.2,35.3,1.4,0.6,14.5,24.8,,2.5,0.9,3.4,.073,,2.6,-2.1,0.5,1.4
176,Treveon Graham\grahatr01,SG,26,TOT,55,929,6.6,.456,.496,.231,5.7,11.7,8.6,6.6,1.2,0.5,9.8,13.1,,-0.2,0.4,0.2,.009,,-4.5,-1.1,-5.5,-0.8
176,Treveon Graham\grahatr01,SG,26,MIN,33,663,6.0,.447,.474,.211,4.5,11.7,8.0,6.1,1.2,0.3,9.0,13.1,,-0.2,0.3,0.0,.003,,-5.0,-0.8,-5.8,-0.6
176,Treveon Graham\grahatr01,SG,26,ATL,22,266,8.0,.478,.552,.284,8.8,11.5,10.1,7.6,1.2,1.3,11.7,13.3,,0.0,0.1,0.1,.022,,-3.2,-1.7,-4.9,-0.2
177,Jerami Grant\grantje01,PF,25,DEN,64,1676,14.2,.585,.394,.308,3.5,11.6,7.5,6.7,1.3,2.9,8.0,17.8,,2.4,1.7,4.0,.116,,-0.1,-0.4,-0.4,0.7
178,Josh Gray\grayjo01,PG,26,NOP,2,23,-5.0,.500,.000,.000,4.6,4.6,4.6,10.4,0.0,0.0,71.4,12.4,,-0.1,0.0,-0.1,-0.224,,-11.3,-4.7,-16.0,-0.1
179,Danny Green\greenda02,SG,32,LAL,61,1529,11.1,.564,.704,.104,3.2,11.3,7.3,7.3,2.4,1.7,10.8,13.8,,1.1,2.4,3.4,.108,,-0.8,1.7,0.9,1.1
180,Draymond Green\greendr01,PF,29,GSW,43,1222,12.6,.489,.408,.263,2.0,22.3,11.8,31.2,2.3,2.4,21.8,15.7,,-0.2,1.3,1.1,.044,,-2.0,1.9,-0.2,0.6
181,JaMychal Green\greenja01,PF,29,LAC,55,1130,10.8,.554,.675,.146,7.0,24.3,15.9,5.1,1.0,1.6,12.3,13.5,,0.8,1.8,2.6,.111,,-1.4,0.6,-0.8,0.3
182,Javonte Green\greenja02,SF,26,BOS,44,414,12.3,.558,.235,.367,4.7,15.9,10.4,7.6,2.7,1.6,13.7,13.6,,0.3,0.7,1.0,.112,,-2.4,1.8,-0.6,0.1
183,Jeff Green\greenje02,PF,33,TOT,40,754,12.8,.575,.529,.280,3.4,12.5,8.1,6.2,1.3,1.7,10.9,18.9,,0.6,0.8,1.4,.089,,-0.4,0.0,-0.5,0.3
183,Jeff Green\greenje02,PF,33,UTA,30,553,10.1,.523,.533,.323,2.9,12.7,8.0,5.2,1.1,1.5,10.8,19.8,,0.0,0.6,0.6,.048,,-1.8,-0.2,-2.0,0.0
183,Jeff Green\greenje02,PF,33,HOU,10,201,20.0,.739,.515,.152,4.7,12.1,8.3,9.2,2.1,2.1,11.3,16.3,,0.6,0.2,0.8,.201,,3.5,0.4,3.9,0.3
184,Blake Griffin\griffbl01,PF,30,DET,18,512,11.9,.476,.444,.392,3.7,15.0,9.3,18.0,0.7,1.1,12.0,28.4,,-0.4,0.2,-0.1,-0.012,,-1.7,-2.6,-4.2,-0.3
185,Marko Guduric\gudurma01,SG,24,MEM,42,476,8.8,.515,.526,.162,3.1,12.3,7.8,12.4,1.2,1.5,17.9,17.6,,-0.2,0.4,0.1,.012,,-2.6,-0.8,-3.4,-0.2
186,Kyle Guy\guyky01,SG,22,SAC,2,4,9.8,.500,.500,.000,0.0,0.0,0.0,0.0,0.0,0.0,0.0,21.8,,0.0,0.0,0.0,-0.022,,-1.3,-2.8,-4.1,0.0
187,Rui Hachimura\hachiru01,PF,21,WAS,41,1217,13.9,.543,.160,.243,5.5,17.4,11.2,8.3,1.3,0.5,7.5,18.7,,1.3,0.4,1.7,.066,,-1.1,-1.9,-3.0,-0.3
188,Devon Hall\hallde01,SG,24,OKC,5,20,3.6,.370,.400,.800,0.0,5.4,2.8,19.1,0.0,0.0,12.9,17.1,,0.0,0.0,0.0,-0.064,,-6.2,-3.6,-9.7,0.0
189,Donta Hall\halldo01,PF,22,DET,4,48,7.3,.452,.000,1.500,14.0,21.6,17.7,5.3,1.0,1.7,23.1,7.9,,0.0,0.0,0.1,.067,,-5.6,-1.4,-7.1,-0.1
190,Dusty Hannahs\hannadu01,SG,26,MEM,2,13,21.3,.607,.333,.222,0.0,7.9,4.0,0.0,0.0,0.0,0.0,31.6,,0.0,0.0,0.0,.146,,5.2,-2.1,3.1,0.0
191,Tim Hardaway Jr.\hardati02,SG,27,DAL,63,1815,15.0,.581,.574,.191,1.4,9.9,5.7,10.2,1.0,0.2,6.6,21.7,,3.1,1.1,4.2,.111,,1.5,-1.2,0.4,1.1
192,James Harden\hardeja01,SG,30,HOU,61,2241,28.4,.616,.555,.519,3.0,15.3,9.1,34.4,2.2,2.0,13.8,36.4,,8.7,2.7,11.5,.245,,7.9,1.2,9.0,6.3
193,Maurice Harkless\harklma01,SF,26,TOT,62,1427,9.7,.572,.346,.233,4.1,13.3,8.7,6.3,1.9,2.0,14.5,10.7,,0.8,1.9,2.7,.090,,-2.6,1.9,-0.8,0.5
193,Maurice Harkless\harklma01,SF,26,LAC,50,1141,9.6,.584,.336,.194,4.4,13.5,9.0,5.5,2.0,2.3,16.3,10.3,,0.5,1.7,2.3,.096,,-2.5,2.4,-0.1,0.6
193,Maurice Harkless\harklma01,SF,26,NYK,12,286,10.1,.536,.379,.364,2.9,12.3,7.5,9.7,1.5,1.0,8.4,12.4,,0.3,0.2,0.4,.069,,-3.1,-0.3,-3.5,-0.1
194,Jared Harper\harpeja01,PG,22,PHO,3,8,-5.3,.250,.500,.000,0.0,0.0,0.0,0.0,0.0,0.0,0.0,21.3,,0.0,0.0,0.0,-0.253,,-10.2,-5.7,-15.8,0.0
195,Montrezl Harrell\harremo01,C,26,LAC,63,1749,23.1,.607,.022,.432,9.9,16.2,13.1,10.3,1.1,3.6,10.1,25.5,,4.5,2.5,7.0,.193,,2.4,0.5,2.9,2.2
196,Gary Harris\harriga01,SG,25,DEN,56,1780,9.7,.519,.405,.177,1.6,8.6,5.1,8.9,2.1,0.7,9.7,15.1,,0.5,1.7,2.2,.059,,-2.8,0.4,-2.4,-0.2
197,Joe Harris\harrijo01,SF,28,BRK,63,1946,12.7,.592,.523,.118,3.3,10.9,7.2,10.3,0.9,0.7,11.1,17.9,,2.1,1.7,3.8,.094,,0.0,-0.5,-0.5,0.8
198,Tobias Harris\harrito02,PF,27,PHI,65,2243,16.8,.557,.309,.183,2.7,19.0,10.8,14.6,1.1,1.3,7.9,23.6,,3.0,2.6,5.6,.120,,1.0,-0.4,0.6,1.5
199,Shaquille Harrison\harrish01,SF,26,CHI,43,484,17.8,.559,.255,.303,4.8,15.3,9.8,15.3,3.4,3.7,9.2,18.1,,0.8,0.8,1.5,.153,,0.4,2.4,2.8,0.6
200,Josh Hart\hartjo01,SF,24,NOP,57,1563,11.7,.556,.676,.189,3.6,21.4,12.5,8.0,1.7,1.1,11.1,15.3,,1.0,1.7,2.7,.083,,-1.2,0.6,-0.6,0.6
201,Isaiah Hartenstein\harteis01,C,21,HOU,23,266,18.7,.674,.075,.418,11.4,24.2,17.7,9.8,1.6,3.9,16.8,14.8,,0.7,0.4,1.1,.191,,-0.9,1.3,0.4,0.2
202,Udonis Haslem\hasleud01,PF,39,MIA,3,21,3.0,.322,.333,.667,0.0,41.0,21.4,6.2,0.0,0.0,0.0,16.3,,0.0,0.0,0.0,-0.032,,-9.7,-3.0,-12.7,-0.1
203,Jaxson Hayes\hayesja02,C,19,NOP,56,951,17.8,.675,.017,.736,9.0,15.7,12.3,7.5,1.1,4.6,11.6,15.1,,2.5,1.0,3.5,.176,,-0.8,0.8,0.1,0.5
204,Gordon Hayward\haywago01,SF,29,BOS,45,1501,18.2,.593,.311,.183,3.2,17.6,10.5,19.0,1.1,1.2,10.8,20.9,,3.1,1.9,5.0,.160,,2.6,0.3,2.9,1.8
205,John Henson\hensojo01,PF,29,TOT,40,600,17.0,.578,.211,.269,8.5,21.8,15.1,13.4,2.0,6.0,15.8,16.3,,0.6,0.8,1.4,.109,,-1.1,2.1,1.0,0.5
205,John Henson\hensojo01,PF,29,CLE,29,412,16.9,.539,.258,.275,8.5,22.3,15.4,15.2,1.9,6.7,13.5,16.1,,0.4,0.5,0.9,.109,,-1.1,2.3,1.1,0.3
205,John Henson\hensojo01,PF,29,DET,11,188,17.1,.670,.098,.255,8.3,20.8,14.5,9.3,2.1,4.5,20.9,16.7,,0.2,0.2,0.4,.110,,-1.1,1.7,0.6,0.1
206,Dewan Hernandez\hernade01,C,23,TOR,4,11,4.2,.340,.200,.400,19.6,47.0,33.6,0.0,4.3,0.0,14.5,26.8,,0.0,0.0,0.0,.003,,-18.3,-3.0,-21.3,-0.1
207,Juan Hernangómez\hernaju01,PF,24,TOT,48,833,10.4,.518,.522,.287,5.5,20.4,12.8,6.6,1.1,1.0,10.3,15.7,,0.2,0.7,1.0,.055,,-2.2,-1.1,-3.3,-0.3
207,Juan Hernangómez\hernaju01,PF,24,DEN,34,422,6.9,.442,.545,.227,6.3,18.7,12.5,6.7,0.6,1.1,12.9,14.3,,-0.2,0.4,0.1,.014,,-4.0,-1.1,-5.2,-0.3
207,Juan Hernangómez\hernaju01,PF,24,MIN,14,411,14.1,.576,.504,.336,4.7,22.1,13.1,6.4,1.6,0.8,8.2,17.1,,0.5,0.4,0.8,.098,,-0.4,-1.0,-1.4,0.1
208,Willy Hernangómez\hernawi01,C,25,CHO,31,375,19.2,.576,.158,.424,12.1,27.5,19.5,13.5,1.3,1.7,15.4,22.9,,0.4,0.4,0.8,.107,,0.6,-0.5,0.1,0.2
209,Tyler Herro\herroty01,SG,20,MIA,47,1280,11.4,.534,.476,.148,1.3,14.6,8.2,11.1,1.1,0.5,11.3,22.0,,-0.3,1.1,0.9,.033,,-1.0,-1.3,-2.3,-0.1
210,Kevin Hervey\herveke01,PF,23,OKC,7,19,-14.9,.091,.727,.000,0.0,11.3,5.8,6.7,0.0,0.0,0.0,25.5,,-0.2,0.0,-0.2,-0.471,,-13.4,-6.5,-19.9,-0.1
211,Mario Hezonja\hezonma01,PF,24,POR,47,767,9.5,.532,.339,.270,3.6,18.1,10.9,7.2,1.7,1.0,14.9,13.7,,0.1,0.6,0.7,.046,,-3.1,0.2,-2.9,-0.2
212,Buddy Hield\hieldbu01,SG,27,SAC,64,2045,16.3,.566,.582,.123,3.1,14.1,8.4,15.8,1.4,0.8,11.8,27.1,,1.6,1.5,3.1,.074,,2.6,-1.3,1.4,1.7
213,George Hill\hillge01,PG,33,MIL,52,1103,17.5,.668,.452,.247,4.3,9.2,6.9,18.4,1.7,0.3,11.6,15.8,,3.2,1.9,5.1,.220,,1.8,1.4,3.2,1.5
214,Solomon Hill\hillso01,SF,28,TOT,54,992,9.8,.542,.629,.169,2.9,13.2,8.2,12.6,1.7,1.1,15.0,13.2,,0.4,0.9,1.3,.064,,-1.9,0.2,-1.6,0.1
214,Solomon Hill\hillso01,SF,28,MEM,48,901,10.2,.549,.631,.163,2.8,13.7,8.4,13.3,1.6,0.7,13.8,13.4,,0.5,0.8,1.3,.071,,-1.6,0.2,-1.4,0.1
214,Solomon Hill\hillso01,SF,28,MIA,6,91,5.9,.447,.600,.267,3.9,8.3,6.2,5.7,2.7,5.5,29.5,11.5,,-0.1,0.1,0.0,-0.006,,-4.5,0.8,-3.7,0.0
215,Jaylen Hoard\hoardja01,SF,20,POR,13,103,14.9,.504,.094,.406,14.3,17.8,16.1,5.4,2.3,0.0,9.6,17.2,,0.1,0.1,0.2,.096,,-0.9,-1.1,-1.9,0.0
216,Aaron Holiday\holidaa01,PG,23,IND,58,1368,11.7,.517,.409,.145,1.7,8.9,5.3,19.5,1.6,0.8,12.4,19.4,,0.4,1.4,1.7,.060,,-1.4,-0.3,-1.7,0.1
217,Jrue Holiday\holidjr01,SG,29,NOP,55,1922,17.5,.535,.346,.183,3.8,10.9,7.3,29.8,2.2,1.9,13.6,24.7,,2.1,1.8,4.0,.099,,1.9,0.3,2.3,2.1
218,Justin Holiday\holidju01,SG,30,IND,65,1617,12.7,.598,.667,.137,2.1,11.9,7.0,7.1,2.3,2.3,8.0,13.5,,1.7,2.2,4.0,.117,,0.0,1.7,1.6,1.5
219,Rondae Hollis-Jefferson\holliro01,SF,25,TOR,52,998,15.5,.533,.058,.437,11.0,15.8,13.4,12.9,2.1,2.1,12.2,17.2,,1.4,1.8,3.2,.153,,-1.1,1.5,0.5,0.6
220,Richaun Holmes\holmeri01,C,26,SAC,39,1125,20.5,.685,.000,.312,11.5,21.3,16.3,5.4,1.7,4.7,11.8,16.0,,3.2,1.5,4.6,.198,,0.6,0.9,1.5,1.0
221,Rodney Hood\hoodro01,SF,27,POR,21,619,12.2,.625,.413,.157,1.7,10.2,6.0,7.1,1.3,0.5,9.4,13.9,,0.9,0.2,1.1,.087,,-0.4,-0.5,-0.9,0.2
222,Al Horford\horfoal01,C,33,PHI,60,1848,15.6,.526,.404,.112,5.5,19.1,12.3,19.2,1.4,2.5,8.7,17.6,,2.5,2.5,5.0,.130,,1.1,1.1,2.2,2.0
223,Talen Horton-Tucker\hortota01,SG,19,LAL,2,5,14.8,.000,1.000,.000,0.0,0.0,0.0,44.9,9.5,0.0,0.0,8.4,,0.0,0.0,0.0,.110,,0.6,7.2,7.8,0.0
224,Danuel House\houseda01,SF,26,HOU,58,1739,11.4,.571,.645,.176,3.4,11.5,7.4,6.1,1.7,1.6,8.6,13.5,,1.9,1.6,3.5,.096,,-0.6,0.1,-0.5,0.7
225,Dwight Howard\howardw01,C,34,LAL,62,1193,18.7,.696,.019,.700,14.6,26.8,20.9,4.8,1.1,5.6,17.8,14.5,,2.6,2.4,5.0,.202,,-0.8,1.4,0.5,0.8
226,William Howard\howarwi01,SG,26,HOU,2,13,-12.7,.000,1.000,.000,0.0,16.2,8.1,9.0,0.0,0.0,20.0,15.9,,-0.1,0.0,-0.1,-0.354,,-14.9,-5.7,-20.7,-0.1
227,Kevin Huerter\huertke01,SG,21,ATL,56,1760,11.5,.536,.548,.105,2.1,12.0,7.0,17.5,1.4,1.3,12.0,17.1,,1.0,0.6,1.6,.042,,-0.6,-0.9,-1.6,0.2
228,De'Andre Hunter\huntede01,SF,22,ATL,63,2018,8.6,.521,.445,.211,2.3,13.1,7.6,8.0,1.0,0.7,12.1,17.5,,-0.4,0.5,0.1,.001,,-2.8,-1.8,-4.7,-1.4
229,Chandler Hutchison\hutchch01,SF,23,CHI,28,527,12.4,.521,.217,.446,3.6,19.8,11.3,7.4,2.5,1.3,11.4,19.1,,0.0,0.7,0.7,.060,,-2.7,0.1,-2.6,-0.1
230,Serge Ibaka\ibakase01,C,30,TOR,50,1377,18.0,.593,.266,.191,8.2,23.3,15.9,8.8,0.8,2.9,12.9,24.1,,1.5,2.4,3.9,.136,,0.5,-0.1,0.4,0.9
231,Andre Iguodala\iguodan01,SG,36,MIA,14,259,11.0,.559,.471,.157,4.5,17.9,11.5,15.1,1.5,6.1,23.8,12.2,,0.0,0.4,0.4,.078,,-2.5,1.9,-0.7,0.1
232,Ersan İlyasova\ilyaser01,PF,32,MIL,56,895,15.2,.591,.428,.259,7.1,22.5,15.2,7.0,1.2,1.4,9.3,16.4,,1.5,1.9,3.4,.180,,-0.2,0.8,0.6,0.6
233,Joe Ingles\inglejo01,SF,32,UTA,64,1916,12.5,.588,.628,.170,1.4,12.7,7.3,24.0,1.5,0.4,18.9,15.0,,2.4,2.0,4.3,.108,,0.0,0.7,0.7,1.3
234,Brandon Ingram\ingrabr01,PF,22,NOP,56,1919,19.2,.590,.352,.328,2.7,16.6,9.6,19.8,1.3,1.6,13.1,28.2,,3.2,1.7,4.9,.122,,2.7,-0.3,2.4,2.1
235,Kyrie Irving\irvinky01,PG,27,BRK,20,658,26.3,.595,.341,.245,3.5,12.4,8.1,37.4,1.9,1.3,10.1,32.6,,2.1,0.8,3.0,.216,,6.6,1.0,7.6,1.6
236,Jonathan Isaac\isaacjo01,SF,22,ORL,32,949,16.9,.542,.283,.227,6.2,19.3,12.6,7.0,2.6,7.4,11.7,18.3,,0.4,1.9,2.3,.114,,-0.8,2.9,2.0,1.0
237,Wesley Iwundu\iwundwe01,SF,25,ORL,45,810,9.9,.521,.345,.392,2.9,12.4,7.5,7.9,1.5,1.2,7.3,13.1,,0.6,0.8,1.4,.080,,-3.1,0.2,-2.9,-0.2
238,Frank Jackson\jacksfr01,PG,21,NOP,51,656,7.7,.500,.467,.249,3.0,8.4,5.7,8.6,1.1,0.5,13.1,20.4,,-0.4,0.3,-0.1,-0.005,,-4.0,-2.0,-6.0,-0.7
239,Jaren Jackson Jr.\jacksja02,C,20,MEM,54,1512,16.1,.590,.485,.237,3.8,13.7,8.8,7.5,1.1,5.0,10.8,23.9,,1.5,1.7,3.1,.100,,0.2,0.0,0.2,0.8
240,Josh Jackson\jacksjo02,SG,22,MEM,18,357,14.0,.539,.465,.284,3.3,13.5,8.5,12.4,2.4,2.2,12.5,23.2,,0.0,0.4,0.5,.062,,-1.1,1.2,0.0,0.2
241,Justin Jackson\jacksju01,PF,24,DAL,58,929,10.0,.498,.486,.141,3.1,12.7,8.0,7.2,0.6,0.9,3.5,15.8,,0.7,0.6,1.3,.066,,-1.7,-1.2,-2.9,-0.2
242,Reggie Jackson\jacksre01,PG,29,TOT,23,556,15.0,.533,.440,.167,3.0,10.2,6.6,28.7,0.9,0.8,12.7,24.5,,0.6,0.3,0.9,.077,,1.8,-1.3,0.5,0.4
242,Reggie Jackson\jacksre01,PG,29,DET,14,381,14.8,.492,.414,.167,3.2,9.1,6.1,30.8,1.0,0.2,9.8,27.0,,0.3,0.1,0.4,.047,,1.7,-2.2,-0.5,0.1
242,Reggie Jackson\jacksre01,PG,29,LAC,9,175,15.6,.670,.525,.169,2.4,12.7,7.7,24.2,0.5,2.0,21.1,19.1,,0.3,0.2,0.5,.142,,2.1,0.6,2.8,0.2
243,Justin James\jamesju01,SG,23,SAC,34,218,11.5,.487,.333,.269,3.0,12.7,7.8,10.8,1.3,3.9,8.4,19.0,,0.0,0.2,0.2,.037,,-1.0,0.2,-0.7,0.1
244,LeBron James\jamesle01,PG,35,LAL,60,2094,26.0,.582,.324,.292,3.1,21.0,12.3,49.7,1.7,1.3,15.3,31.6,,6.1,3.4,9.5,.218,,6.8,1.9,8.7,5.7
245,Amile Jefferson\jeffeam01,PF,26,ORL,18,74,8.9,.372,.000,1.000,14.0,19.5,16.7,7.2,0.7,3.7,13.0,13.5,,0.0,0.1,0.0,.023,,-4.9,-1.0,-5.9,-0.1
246,DaQuan Jeffries\jeffrda01,SG,22,SAC,6,19,10.7,.500,.571,.000,5.8,0.0,3.0,7.8,2.6,0.0,0.0,16.1,,0.0,0.0,0.0,.081,,-2.3,-0.3,-2.6,0.0
247,Ty Jerome\jeromty01,PG,22,PHO,28,315,8.1,.437,.443,.132,2.1,12.6,7.2,18.8,2.1,0.8,13.8,17.6,,-0.3,0.3,0.0,-0.002,,-3.9,0.0,-3.8,-0.1
248,Alize Johnson\johnsal02,SF,23,IND,13,54,10.8,.510,.000,.400,14.4,22.3,18.4,5.0,0.0,0.0,14.5,16.8,,0.0,0.1,0.1,.070,,-3.2,-1.6,-4.8,0.0
249,B.J. Johnson\johnsbj01,SF,24,ORL,8,46,2.5,.344,.333,.111,2.3,12.1,7.0,6.1,2.1,0.0,13.7,20.6,,-0.2,0.0,-0.1,-0.132,,-7.2,-2.5,-9.7,-0.1
250,Cameron Johnson\johnsca02,PF,23,PHO,49,996,12.2,.576,.705,.142,4.3,11.5,7.8,7.4,1.4,1.4,7.7,16.0,,1.1,0.7,1.8,.086,,0.5,-0.7,-0.2,0.5
251,James Johnson\johnsja01,PF,32,TOT,32,619,14.8,.572,.423,.223,4.3,16.3,10.3,18.4,1.9,4.6,16.9,19.4,,0.4,0.8,1.2,.089,,-1.1,1.1,0.0,0.3
251,James Johnson\johnsja01,PF,32,MIA,18,281,11.1,.547,.517,.161,3.3,16.9,10.4,11.1,1.0,4.6,13.9,17.0,,0.0,0.4,0.4,.066,,-2.6,0.7,-1.9,0.0
251,James Johnson\johnsja01,PF,32,MIN,14,338,17.9,.588,.359,.266,5.1,15.9,10.3,24.4,2.6,4.7,18.8,21.4,,0.3,0.4,0.8,.109,,0.2,1.5,1.7,0.3
252,Keldon Johnson\johnske04,SF,20,SAS,9,92,16.6,.579,.161,.323,5.8,14.1,10.0,9.4,2.6,1.0,7.8,18.1,,0.2,0.1,0.2,.119,,-0.3,-0.6,-0.9,0.0
253,Stanley Johnson\johnsst04,PF,23,TOR,20,96,3.1,.342,.419,.194,3.4,20.5,12.1,11.0,2.0,2.0,19.2,18.6,,-0.3,0.2,-0.1,-0.068,,-7.9,1.4,-6.5,-0.1
254,Tyler Johnson\johnsty01,SG,27,PHO,31,515,8.1,.481,.485,.187,2.1,9.3,5.6,13.5,1.1,1.4,11.5,17.3,,-0.2,0.3,0.1,.011,,-3.0,-0.7,-3.7,-0.2
255,Nikola Jokić\jokicni01,C,24,DEN,65,2101,25.0,.604,.233,.277,8.2,26.9,17.6,34.3,1.8,1.9,15.7,26.6,,6.0,3.2,9.2,.209,,5.4,2.3,7.6,5.1
256,Damian Jones\jonesda03,C,24,ATL,55,887,15.5,.712,.051,.472,8.9,16.2,12.5,5.6,1.4,3.8,11.5,11.4,,2.2,0.6,2.8,.152,,-1.6,0.1,-1.4,0.1
257,Derrick Jones Jr.\jonesde02,SF,22,MIA,51,1249,14.8,.609,.390,.350,5.4,13.5,9.6,6.7,2.1,2.9,6.8,14.1,,2.3,1.6,3.9,.150,,-0.4,1.1,0.8,0.9
258,Tyus Jones\jonesty01,PG,23,MEM,65,1232,15.7,.532,.289,.135,0.8,7.9,4.4,31.7,2.2,0.4,10.8,17.2,,2.0,1.0,3.0,.115,,0.4,0.1,0.6,0.8
259,DeAndre Jordan\jordade01,C,31,BRK,56,1234,20.0,.682,.000,.425,12.1,34.2,23.4,12.8,0.7,3.5,17.8,14.1,,3.0,2.3,5.3,.204,,1.1,1.8,2.8,1.5
260,Cory Joseph\josepco01,PG,28,SAC,64,1538,10.3,.513,.363,.157,2.6,9.5,6.0,19.4,1.5,1.3,14.0,13.0,,1.1,1.0,2.2,.067,,-2.1,0.3,-1.8,0.1
261,Mfiondu Kabengele\kabenmf01,C,22,LAC,12,64,18.2,.614,.625,.156,1.7,15.7,8.9,4.9,1.5,2.7,5.5,23.5,,0.1,0.1,0.2,.175,,2.2,-0.1,2.1,0.1
262,Frank Kaminsky\kaminfr01,C,26,PHO,32,718,14.5,.554,.401,.315,4.6,20.2,12.2,14.8,0.9,1.2,9.4,20.8,,0.8,0.6,1.4,.092,,0.2,-0.3,-0.1,0.3
263,Enes Kanter\kanteen01,C,27,BOS,51,891,22.0,.594,.023,.286,17.1,30.2,23.7,8.4,1.1,3.9,12.9,19.3,,2.1,1.7,3.8,.207,,1.6,-0.1,1.5,0.8
264,Luke Kennard\kennalu01,SG,23,DET,28,922,14.4,.589,.535,.219,1.1,11.1,6.0,19.2,0.6,0.5,10.3,19.8,,1.6,0.3,1.9,.100,,1.1,-1.4,-0.3,0.4
265,Stanton Kidd\kiddst01,SF,27,UTA,4,15,-13.7,.000,.333,.000,0.0,21.0,11.0,8.0,0.0,0.0,40.0,14.6,,-0.1,0.0,-0.1,-0.327,,-15.6,-1.3,-16.9,-0.1
266,Michael Kidd-Gilchrist\kiddgmi01,PF-SF,26,TOT,21,231,4.2,.401,.333,.183,5.5,20.3,12.8,8.1,0.4,1.9,16.7,14.8,,-0.3,0.2,-0.2,-0.037,,-6.6,-0.9,-7.5,-0.3
266,Michael Kidd-Gilchrist\kiddgmi01,PF,26,CHO,12,160,6.1,.421,.321,.170,5.9,18.4,11.9,9.5,0.0,1.7,10.9,17.6,,-0.2,0.1,-0.1,-0.029,,-5.3,-1.6,-6.9,-0.2
266,Michael Kidd-Gilchrist\kiddgmi01,SF,26,DAL,9,71,-0.1,.254,.429,.286,4.5,24.6,14.7,5.0,1.4,2.4,43.2,8.4,,-0.2,0.1,-0.1,-0.055,,-9.7,0.8,-8.9,-0.1
267,Louis King\kinglo02,SF,20,DET,10,62,6.3,.448,.524,.143,1.8,16.7,9.2,11.8,1.6,0.0,8.2,17.1,,-0.1,0.0,0.0,-0.007,,-5.1,-1.1,-6.2,-0.1
268,Maxi Kleber\klebima01,C,28,DAL,66,1695,13.8,.603,.614,.172,6.2,15.5,11.0,6.2,0.6,3.9,8.7,13.9,,2.9,1.7,4.6,.131,,0.5,0.2,0.6,1.1
269,Brandon Knight\knighbr03,PG,28,TOT,25,462,8.5,.503,.784,.204,1.0,9.1,5.0,21.6,1.1,0.6,17.3,20.6,,-0.2,0.1,-0.1,-0.010,,-1.8,-2.7,-4.4,-0.3
269,Brandon Knight\knighbr03,PG,28,CLE,16,241,5.5,.431,.744,.151,1.4,7.9,4.6,18.0,1.0,0.7,14.9,19.1,,-0.3,0.0,-0.3,-0.062,,-3.9,-2.8,-6.6,-0.3
269,Brandon Knight\knighbr03,PG,28,DET,9,221,11.9,.576,.827,.259,0.5,10.4,5.4,25.6,1.1,0.4,19.6,22.2,,0.1,0.1,0.2,.046,,0.5,-2.5,-2.0,0.0
270,Kevin Knox\knoxke01,SF,20,NYK,65,1166,8.4,.470,.496,.252,2.5,14.7,8.4,7.4,1.0,2.3,9.2,17.8,,-0.5,0.7,0.2,.006,,-3.1,-1.1,-4.2,-0.6
271,John Konchar\konchjo01,SG,23,MEM,15,167,19.0,.711,.257,.057,11.5,17.3,14.4,16.7,2.0,1.6,14.3,10.4,,0.5,0.2,0.7,.195,,2.7,2.2,5.0,0.3
272,Furkan Korkmaz\korkmfu01,SG,22,PHI,64,1398,11.7,.571,.617,.140,1.3,10.4,5.8,7.3,1.3,0.9,8.7,18.5,,1.0,1.3,2.3,.079,,-0.6,-0.9,-1.5,0.2
273,Luke Kornet\kornelu01,C,24,CHI,36,559,12.7,.539,.578,.150,4.1,12.9,8.3,8.5,0.9,4.4,6.6,16.3,,0.5,0.5,1.1,.091,,-0.9,-0.2,-1.1,0.1
274,Kyle Korver\korveky01,SF,38,MIL,50,833,11.2,.613,.799,.131,1.8,10.1,6.2,9.5,1.2,1.3,13.3,15.7,,0.8,1.4,2.2,.125,,-0.5,0.7,0.2,0.5
275,Rodions Kurucs\kurucro01,PF,21,BRK,39,501,8.4,.554,.485,.209,3.8,15.8,10.0,9.4,1.6,0.5,19.3,15.1,,-0.1,0.6,0.5,.048,,-3.9,0.9,-2.9,-0.1
276,Kyle Kuzma\kuzmaky01,PF,24,LAL,54,1327,11.6,.522,.401,.221,4.0,15.5,9.9,7.4,0.8,1.4,11.6,23.2,,-0.2,1.6,1.4,.052,,-2.2,-1.3,-3.5,-0.5
277,Skal Labissière\labissk01,C,23,POR,33,567,15.4,.588,.088,.224,12.1,18.7,15.4,10.2,0.6,4.6,15.7,14.3,,1.0,0.4,1.4,.122,,-1.5,0.3,-1.3,0.1
278,Jeremy Lamb\lambje01,SG,27,IND,46,1291,14.1,.547,.330,.230,2.1,14.9,8.5,10.5,2.1,1.5,8.7,19.7,,0.9,1.8,2.7,.099,,-1.1,0.7,-0.4,0.5
279,Romeo Langford\langfro01,SG,20,BOS,27,298,6.0,.465,.359,.359,5.1,6.4,5.8,2.6,1.3,1.9,10.8,11.9,,-0.1,0.3,0.2,.039,,-4.5,-0.1,-4.6,-0.2
280,Zach LaVine\lavinza01,SG,24,CHI,60,2085,19.5,.568,.404,.279,2.1,13.8,7.7,21.7,2.0,1.3,13.3,31.7,,1.8,2.2,4.0,.092,,3.3,-0.8,2.5,2.4
281,Vic Law\lawvi01,SF,24,ORL,5,9,-16.6,.000,.333,.667,0.0,12.4,6.0,0.0,0.0,0.0,0.0,18.6,,-0.1,0.0,-0.1,-0.456,,-17.0,-8.2,-25.2,-0.1
282,Jake Layman\laymaja01,PF,25,MIN,23,505,10.3,.544,.402,.179,3.4,8.7,6.0,4.4,1.6,1.6,11.1,17.7,,0.0,0.3,0.3,.029,,-2.7,-1.0,-3.7,-0.2
283,T.J. Leaf\leaftj01,PF,22,IND,25,193,13.8,.485,.203,.174,12.1,24.4,18.3,4.3,2.0,1.4,8.6,18.5,,0.0,0.3,0.4,.088,,-1.4,-0.1,-1.5,0.0
284,Jalen Lecque\lecquja01,PG,19,PHO,4,26,5.0,.460,.400,.200,0.0,0.0,0.0,11.1,0.0,0.0,8.4,19.4,,0.0,0.0,0.0,-0.042,,-5.7,-3.6,-9.3,0.0
285,Courtney Lee\leeco01,SG,34,DAL,24,345,10.9,.629,.573,.085,2.2,7.4,4.9,4.7,2.5,1.5,11.4,11.9,,0.3,0.4,0.7,.098,,-2.1,1.6,-0.5,0.1
286,Damion Lee\leeda03,SG,27,GSW,49,1423,12.7,.548,.468,.247,2.4,16.3,9.1,14.4,1.7,0.4,10.6,19.0,,0.9,0.8,1.7,.058,,-1.5,-0.8,-2.3,-0.1
287,Alex Len\lenal01,C,26,TOT,49,895,18.0,.596,.185,.301,11.4,24.5,17.9,8.1,1.2,4.5,12.8,18.3,,1.4,0.9,2.3,.122,,-0.2,-0.2,-0.5,0.3
287,Alex Len\lenal01,C,26,ATL,40,745,17.5,.590,.215,.312,9.8,23.6,16.6,8.7,1.3,3.7,11.7,18.6,,1.1,0.6,1.8,.113,,-0.2,-0.3,-0.4,0.3
287,Alex Len\lenal01,C,26,SAC,9,150,20.3,.636,.000,.238,19.0,29.3,24.1,5.1,0.7,8.3,19.2,16.7,,0.3,0.2,0.5,.165,,-0.7,0.1,-0.6,0.1
288,Kawhi Leonard\leonaka01,SF,28,LAC,51,1643,26.7,.585,.287,.344,3.3,19.7,11.7,27.0,2.6,1.7,10.7,33.2,,4.6,3.0,7.6,.222,,6.5,2.5,9.0,4.6
289,Meyers Leonard\leoname01,C,27,MIA,49,987,11.1,.640,.534,.117,3.2,24.1,14.1,7.7,0.6,1.5,13.0,12.0,,1.0,1.1,2.1,.104,,-1.0,0.4,-0.6,0.3
290,Caris LeVert\leverca01,SG,25,BRK,39,1131,15.1,.509,.310,.264,3.7,10.6,7.2,23.5,1.8,0.5,12.6,28.8,,-0.1,1.2,1.2,.050,,0.1,-0.7,-0.6,0.4
291,Damian Lillard\lillada01,PG,29,POR,58,2140,26.2,.619,.493,.377,1.5,10.5,6.1,34.1,1.3,0.8,11.0,30.2,,8.9,0.7,9.6,.215,,7.9,-0.7,7.2,5.0
292,Nassir Little\littlna01,PF,19,POR,48,573,9.7,.505,.391,.291,5.7,13.7,9.8,5.1,1.1,2.1,8.1,13.7,,0.3,0.3,0.6,.050,,-2.9,-0.6,-3.5,-0.2
293,Kevon Looney\looneke01,C,23,GSW,20,262,9.4,.403,.177,.152,11.2,16.3,13.6,11.1,2.2,2.1,12.5,15.7,,-0.2,0.2,0.0,.005,,-4.8,-0.8,-5.5,-0.2
294,Brook Lopez\lopezbr01,C,31,MIL,61,1622,14.0,.537,.497,.212,2.7,13.2,8.3,7.8,1.2,8.0,9.2,17.5,,0.8,3.9,4.6,.137,,-1.1,2.8,1.8,1.5
295,Robin Lopez\lopezro01,C,31,MIL,60,862,11.1,.565,.352,.158,6.3,10.2,8.4,6.4,0.5,4.1,15.6,16.6,,0.2,1.5,1.7,.095,,-2.4,0.5,-1.9,0.0
296,Kevin Love\loveke01,PF,31,CLE,56,1780,17.9,.599,.536,.301,3.3,31.1,17.1,15.4,0.9,0.9,14.5,23.1,,2.5,1.2,3.8,.102,,2.6,-0.6,2.1,1.8
297,Kyle Lowry\lowryky01,PG,33,TOR,52,1901,17.9,.589,.583,.399,1.7,12.0,7.0,31.0,1.8,1.1,15.0,23.1,,4.1,2.8,6.9,.173,,2.5,0.7,3.2,2.5
298,Timothé Luwawu-Cabarrot\luwawti01,SG,24,BRK,39,671,8.9,.563,.568,.323,3.8,10.0,7.0,5.3,1.1,0.7,12.7,15.7,,0.4,0.6,1.0,.069,,-3.0,-0.2,-3.2,-0.2
299,Trey Lyles\lylestr01,PF,24,SAS,63,1271,12.7,.557,.490,.131,6.0,24.6,15.3,7.3,1.1,1.9,9.7,13.7,,1.2,1.0,2.2,.081,,-0.5,-0.7,-1.2,0.2
300,Daryl Macon\maconda01,SG,24,MIA,4,14,-3.1,.500,.667,.000,0.0,0.0,0.0,9.6,0.0,0.0,40.0,15.8,,0.0,0.0,0.0,-0.161,,-7.0,-4.4,-11.4,0.0
301,J.P. Macura\macurjp01,SG,24,CLE,1,1,0.0,,,,0.0,0.0,0.0,0.0,0.0,0.0,,0.0,,0.0,0.0,0.0,-0.023,,-5.1,-1.2,-6.3,0.0
302,Josh Magette\magetjo01,PG,30,ORL,8,38,5.1,.378,.267,.133,2.7,14.6,8.5,19.2,3.9,2.4,23.9,23.8,,-0.2,0.1,-0.1,-0.126,,-8.0,1.6,-6.4,0.0
303,Ian Mahinmi\mahinia01,C,33,WAS,38,808,14.1,.545,.124,.538,10.2,19.8,14.8,8.2,1.8,4.7,14.8,15.7,,0.7,0.7,1.4,.082,,-2.7,0.0,-2.7,-0.2
304,Thon Maker\makerth01,C,22,DET,60,776,13.7,.582,.332,.570,7.8,16.7,12.2,8.0,1.6,4.2,15.7,16.1,,0.7,0.8,1.5,.096,,-2.0,0.7,-1.4,0.1
305,Terance Mann\mannte01,SG,23,LAC,35,271,7.1,.472,.222,.222,1.6,10.8,6.3,17.9,1.4,1.6,19.1,11.2,,0.0,0.3,0.3,.057,,-4.7,1.2,-3.5,-0.1
306,Boban Marjanović\marjabo01,C,31,DAL,37,337,24.5,.599,.087,.272,16.8,30.5,23.7,6.7,1.0,1.8,11.8,27.9,,0.8,0.5,1.3,.184,,1.7,-1.7,0.0,0.2
307,Lauri Markkanen\markkla01,PF,22,CHI,50,1492,14.3,.560,.536,.259,4.2,19.7,11.6,7.6,1.4,1.5,11.0,21.1,,1.1,1.6,2.6,.084,,0.2,-0.8,-0.5,0.5
308,Caleb Martin\martica02,SF,24,CHO,18,317,12.0,.595,.440,.250,3.3,10.0,6.5,11.1,1.9,2.0,13.9,15.0,,0.3,0.2,0.5,.081,,-1.6,0.5,-1.0,0.1
309,Cody Martin\martico01,SF,24,CHO,48,903,10.5,.505,.372,.314,4.4,15.1,9.6,15.7,2.2,0.9,15.7,13.6,,0.2,0.8,1.0,.052,,-3.1,1.0,-2.1,0.0
310,Jeremiah Martin\martije02,PG,23,BRK,3,16,5.9,.200,.200,.000,0.0,12.6,6.4,16.5,3.0,5.2,0.0,13.1,,0.0,0.0,0.0,-0.040,,-6.6,3.6,-3.0,0.0
311,Kelan Martin\martike03,SF,24,MIN,31,495,9.2,.506,.530,.171,2.5,18.6,10.2,6.8,0.7,1.5,9.3,17.8,,-0.1,0.3,0.2,.023,,-3.3,-1.0,-4.3,-0.3
312,Frank Mason III\masonfr01,PG,25,MIL,6,53,4.2,.337,.526,.211,6.0,8.8,7.5,25.6,1.7,0.0,22.4,20.8,,-0.2,0.1,-0.1,-0.060,,-7.5,-0.9,-8.4,-0.1
313,Garrison Mathews\mathega01,SG,23,WAS,18,227,13.1,.691,.821,.607,2.8,9.1,5.8,5.8,1.6,0.4,10.1,14.5,,0.6,0.0,0.6,.129,,-0.5,-0.6,-1.1,0.1
314,Wesley Matthews\matthwe02,SG,33,MIL,62,1529,8.4,.545,.691,.157,1.4,8.5,5.2,7.4,1.1,0.5,8.7,12.7,,0.8,2.4,3.1,.099,,-2.5,0.8,-1.7,0.1
315,Patrick McCaw\mccawpa01,SF,24,TOR,37,908,7.3,.500,.438,.111,2.3,7.6,5.0,11.4,2.0,0.4,14.6,9.4,,0.2,1.2,1.4,.073,,-3.6,1.8,-1.8,0.0
316,CJ McCollum\mccolcj01,SG,28,POR,62,2229,17.4,.543,.378,.135,1.9,9.7,5.9,19.3,1.0,1.5,8.3,26.7,,3.1,0.6,3.7,.079,,2.5,-1.7,0.9,1.6
317,T.J. McConnell\mccontj01,PG,27,IND,63,1188,16.2,.541,.041,.099,3.0,12.1,7.6,37.2,1.8,0.8,18.5,17.2,,1.6,1.4,2.9,.119,,0.1,0.2,0.3,0.7
318,Jalen McDaniels\mcdanja01,PF,22,CHO,16,293,10.7,.574,.343,.243,5.4,19.4,12.1,6.8,1.4,0.9,12.4,13.3,,0.2,0.2,0.5,.078,,-3.3,0.0,-3.3,-0.1
319,Doug McDermott\mcderdo01,PF,28,IND,62,1242,14.3,.626,.540,.106,2.1,11.7,6.9,8.3,0.4,0.3,7.2,19.6,,2.1,0.9,3.0,.115,,1.5,-1.5,0.0,0.6
320,JaVale McGee\mcgeeja01,C,32,LAL,61,1023,20.0,.655,.021,.265,12.1,25.2,18.8,4.7,1.4,7.9,12.9,15.0,,2.2,2.3,4.5,.211,,-0.3,2.3,2.1,1.1
321,Rodney McGruder\mcgruro01,SG,28,LAC,50,749,6.5,.472,.506,.179,3.7,13.7,8.8,5.1,1.4,0.9,11.1,10.5,,-0.1,1.0,0.8,.054,,-3.8,0.8,-3.0,-0.2
322,Alfonzo McKinnie\mckinal01,SF,27,CLE,40,593,8.7,.493,.380,.181,6.9,14.4,10.6,3.3,1.9,1.2,12.3,15.2,,-0.2,0.3,0.2,.014,,-4.4,-0.9,-5.3,-0.5
323,Jordan McLaughlin\mclaujo01,PG,23,MIN,30,590,16.3,.587,.427,.219,1.2,7.8,4.4,31.0,2.7,0.6,13.7,15.8,,1.2,0.4,1.6,.130,,0.4,-0.1,0.3,0.3
324,Ben McLemore\mclembe01,SG,26,HOU,63,1437,11.7,.622,.830,.132,1.5,8.7,5.1,5.3,1.2,0.7,8.5,15.6,,2.1,0.9,3.0,.100,,0.0,-0.7,-0.7,0.5
325,Jordan McRae\mcraejo01,SG,28,TOT,37,784,14.2,.515,.344,.298,2.4,15.4,8.7,17.7,1.3,1.8,9.4,24.4,,0.4,0.3,0.7,.043,,0.0,-1.6,-1.5,0.1
325,Jordan McRae\mcraejo01,SG,28,WAS,29,654,15.2,.523,.334,.262,2.7,15.2,8.7,18.8,1.4,2.0,9.7,24.9,,0.4,0.2,0.7,.050,,0.8,-1.3,-0.5,0.3
325,Jordan McRae\mcraejo01,SG,28,DEN,4,32,16.7,.580,.667,.667,3.5,13.9,8.7,15.6,3.1,2.9,0.0,10.5,,0.1,0.0,0.1,.208,,1.0,1.4,2.5,0.0
325,Jordan McRae\mcraejo01,SG,28,DET,4,98,6.5,.446,.372,.512,0.0,17.6,8.7,10.7,0.0,0.0,8.7,25.7,,-0.1,0.0,-0.1,-0.053,,-5.6,-4.2,-9.8,-0.2
326,Nicolò Melli\mellini01,C,29,NOP,52,889,12.3,.583,.647,.216,4.4,14.3,9.3,10.2,1.6,1.8,12.1,15.9,,1.0,0.8,1.8,.095,,-0.9,0.3,-0.6,0.3
327,De'Anthony Melton\meltode01,PG,21,MEM,52,1011,14.6,.525,.331,.300,3.9,15.9,10.0,20.9,3.0,1.5,16.3,19.6,,0.4,1.4,1.8,.086,,-1.6,1.8,0.3,0.6
328,Chimezie Metu\metuch01,PF,22,SAS,16,73,25.4,.597,.029,.229,14.7,23.7,19.2,13.9,0.7,4.8,11.5,25.9,,0.2,0.1,0.2,.159,,3.8,-0.8,3.0,0.1
329,Khris Middleton\middlkh01,SF,28,MIL,55,1653,21.4,.619,.374,.231,2.5,17.0,10.2,21.0,1.4,0.4,10.8,26.2,,4.3,3.1,7.4,.214,,3.4,0.9,4.4,2.7
330,Eric Mika\mikaer01,PF,25,SAC,1,19,14.0,.773,.000,.667,11.6,30.5,20.8,0.0,0.0,0.0,0.0,8.9,,0.1,0.0,0.1,.222,,-2.2,-0.9,-3.1,0.0
331,C.J. Miles\milescj01,SG,32,WAS,10,161,11.0,.472,.593,.339,2.6,5.7,4.1,9.9,2.9,2.2,5.6,18.6,,0.0,0.1,0.1,.033,,-1.8,0.0,-1.9,0.0
332,Malcolm Miller\millema01,SF,26,TOR,25,125,4.7,.432,.792,.250,0.9,10.8,5.9,8.3,1.5,1.5,10.1,10.1,,-0.1,0.2,0.1,.037,,-4.3,1.4,-2.9,0.0
333,Patty Mills\millspa02,PG,31,SAS,63,1430,14.7,.589,.675,.188,1.4,6.0,3.7,11.3,1.7,0.4,7.6,20.5,,2.1,0.5,2.6,.086,,1.1,-1.2,-0.1,0.7
334,Paul Millsap\millspa01,PF,34,DEN,44,1075,17.7,.598,.282,.326,9.0,17.9,13.5,9.5,1.7,2.4,12.1,20.3,,2.0,1.4,3.4,.151,,0.6,0.0,0.6,0.7
335,Shake Milton\miltosh01,SG,23,PHI,32,611,15.2,.633,.488,.235,2.0,10.3,6.1,17.4,1.5,0.8,13.7,19.6,,1.1,0.6,1.7,.134,,0.3,-0.6,-0.3,0.3
336,Donovan Mitchell\mitchdo01,SG,23,UTA,63,2165,19.1,.560,.347,.235,2.3,11.2,7.0,21.2,1.5,0.5,10.9,31.0,,3.0,2.2,5.2,.115,,2.4,-0.5,1.9,2.1
337,Naz Mitrou-Long\mitrona01,SG,26,IND,3,43,10.1,.438,.688,.000,0.0,15.3,7.7,22.2,1.1,2.0,11.1,18.4,,0.0,0.0,0.0,.015,,-1.9,2.4,0.5,0.0
338,Adam Mokoka\mokokad01,SG,21,CHI,11,112,8.2,.538,.536,.143,6.6,3.1,4.9,5.0,1.7,0.0,6.3,12.1,,0.1,0.1,0.2,.073,,-3.1,-1.0,-4.1,-0.1
339,Malik Monk\monkma01,SG,21,CHO,55,1169,12.7,.530,.418,.205,2.4,12.6,7.3,16.6,1.1,1.3,12.6,22.9,,0.1,0.6,0.7,.028,,-1.0,-1.3,-2.3,-0.1
340,Matt Mooney\moonema01,SG,22,CLE,4,19,8.1,.250,.500,.000,0.0,17.7,8.8,6.7,5.1,4.5,0.0,9.0,,0.0,0.0,0.0,.006,,-5.3,5.0,-0.3,0.0
341,E'Twaun Moore\mooreet01,SG,30,NOP,51,958,11.1,.509,.390,.105,3.2,10.4,6.8,10.9,1.4,0.9,8.1,19.9,,0.2,0.6,0.8,.042,,-2.0,-1.0,-2.9,-0.2
342,Ja Morant\moranja01,PG,20,MEM,59,1771,18.0,.568,.174,.331,2.7,9.5,6.2,34.6,1.4,0.7,17.2,26.0,,2.2,1.2,3.4,.093,,1.6,-1.3,0.4,1.1
343,Juwan Morgan\morgaju01,PF,22,UTA,16,74,8.8,.559,.294,.000,7.8,19.8,14.1,3.8,0.0,1.1,15.0,11.9,,0.0,0.1,0.1,.066,,-2.9,-0.4,-3.3,0.0
344,Marcus Morris\morrima03,SF-PF,30,TOT,55,1727,14.8,.567,.432,.279,3.3,14.2,8.6,6.9,1.2,1.4,9.5,22.8,,2.0,1.2,3.2,.088,,0.9,-0.8,0.1,0.9
344,Marcus Morris\morrima03,SF,30,NYK,43,1387,16.5,.582,.415,.311,3.6,14.7,9.0,6.8,1.2,1.2,9.2,24.4,,2.2,0.8,2.9,.101,,1.9,-1.1,0.8,1.0
344,Marcus Morris\morrima03,PF,30,LAC,12,340,7.7,.480,.526,.096,2.2,12.2,7.3,7.2,1.1,2.6,11.2,16.4,,-0.2,0.4,0.2,.033,,-3.1,0.5,-2.6,-0.1
345,Markieff Morris\morrima02,PF,30,TOT,52,1106,12.4,.568,.494,.195,3.4,17.0,10.2,10.4,1.2,1.2,14.0,21.1,,0.4,0.8,1.2,.053,,-1.2,-0.9,-2.1,0.0
345,Markieff Morris\morrima02,PF,30,DET,44,988,12.7,.573,.486,.203,2.7,17.3,9.9,11.0,1.3,0.9,14.2,21.8,,0.3,0.7,1.0,.049,,-1.0,-1.0,-2.1,0.0
345,Markieff Morris\morrima02,PF,30,LAL,8,118,9.8,.503,.583,.111,9.5,14.4,12.0,5.5,0.8,3.0,11.7,15.3,,0.1,0.2,0.2,.086,,-2.5,0.1,-2.4,0.0
346,Monte Morris\morrimo01,PG,24,DEN,65,1402,14.9,.537,.298,.128,1.6,7.3,4.4,23.3,1.9,1.1,8.1,17.2,,2.2,1.2,3.4,.117,,0.2,-0.1,0.1,0.8
347,Johnathan Motley\motlejo01,PF,24,LAC,13,41,28.4,.774,.067,.467,7.7,17.2,12.6,32.8,3.4,0.0,21.7,23.4,,0.2,0.1,0.3,.299,,4.8,3.3,8.1,0.1
348,Emmanuel Mudiay\mudiaem01,PG,23,UTA,48,752,13.7,.550,.263,.239,2.6,13.7,8.4,21.8,1.2,1.1,16.9,22.4,,0.3,0.8,1.1,.071,,-1.2,0.1,-1.1,0.2
349,Mychal Mulder\muldemy01,SG,25,GSW,7,204,7.8,.533,.776,.179,1.5,11.0,6.1,5.8,0.5,0.4,6.5,16.2,,0.1,0.0,0.1,.017,,-3.3,-2.9,-6.1,-0.2
350,Dejounte Murray\murrade01,PG,23,SAS,58,1447,17.1,.535,.168,.175,5.0,20.0,12.5,23.7,3.3,1.0,15.7,20.6,,0.9,1.7,2.6,.087,,-0.5,1.5,1.0,1.1
351,Jamal Murray\murraja01,PG,22,DEN,55,1804,17.5,.559,.359,.209,2.6,10.8,6.7,22.7,1.8,0.8,11.8,25.2,,2.5,1.6,4.2,.111,,1.8,-0.7,1.1,1.4
352,Džanan Musa\musadz01,SF,20,BRK,35,404,8.4,.467,.468,.317,5.0,12.9,9.0,11.0,1.5,0.2,15.5,19.4,,-0.4,0.4,0.0,.006,,-4.1,-0.7,-4.8,-0.3
353,Mike Muscala\muscami01,C,28,OKC,41,492,12.2,.560,.755,.138,3.0,17.7,10.6,9.8,0.8,1.9,7.7,16.4,,0.5,0.5,1.0,.102,,-0.1,-0.1,-0.2,0.2
354,Sviatoslav Mykhailiuk\mykhasv01,SF,22,DET,56,1265,11.2,.578,.704,.173,1.5,7.9,4.7,12.3,1.6,0.3,12.3,17.1,,1.0,0.6,1.6,.060,,-0.7,-1.2,-1.8,0.0
355,Abdel Nader\naderab01,SF,26,OKC,48,756,11.2,.580,.477,.282,2.1,10.8,6.6,6.6,1.3,2.3,12.7,16.5,,0.4,0.7,1.1,.072,,-1.1,0.2,-0.8,0.2
356,Larry Nance Jr.\nancela02,C,27,CLE,56,1472,17.3,.608,.369,.172,7.9,23.1,15.4,12.3,1.9,1.3,11.5,15.2,,2.8,1.1,3.9,.128,,1.4,0.3,1.8,1.4
357,Shabazz Napier\napiesh01,PG,28,TOT,51,1234,14.5,.555,.538,.341,2.1,10.8,6.3,29.1,2.5,0.6,18.9,19.6,,1.1,0.8,1.9,.075,,-0.3,-0.2,-0.5,0.5
357,Shabazz Napier\napiesh01,PG,28,MIN,36,856,13.9,.539,.562,.311,2.0,11.9,6.8,31.3,2.2,0.7,19.1,19.1,,0.6,0.6,1.3,.071,,-0.5,-0.2,-0.8,0.3
357,Shabazz Napier\napiesh01,PG,28,WAS,15,378,15.7,.587,.485,.408,2.2,8.5,5.2,24.2,3.2,0.5,18.6,20.7,,0.4,0.2,0.6,.082,,0.2,-0.2,0.1,0.2
358,Raul Neto\netora01,PG,27,PHI,49,565,11.5,.562,.406,.177,2.1,8.0,5.1,19.3,1.9,0.8,18.2,17.6,,0.2,0.6,0.8,.071,,-1.8,-0.1,-1.9,0.0
359,Malik Newman\newmama01,SG,22,CLE,1,4,-11.3,.347,.500,1.000,0.0,0.0,0.0,0.0,0.0,0.0,25.8,41.5,,0.0,0.0,0.0,-0.503,,-14.5,-11.3,-25.9,0.0
360,Georges Niang\niangge01,PF,26,UTA,58,772,12.4,.612,.698,.083,1.8,13.2,7.7,6.7,0.8,0.5,8.6,17.1,,1.0,0.7,1.7,.105,,0.9,-0.4,0.5,0.5
361,Nerlens Noel\noelne01,C,25,OKC,55,1014,21.7,.714,.012,.386,9.3,20.0,14.8,7.9,2.7,6.9,15.4,15.3,,2.7,2.1,4.8,.225,,0.5,3.4,4.0,1.5
362,Zach Norvell\norveza01,SG,22,TOT,5,41,2.6,.402,.667,.083,0.0,16.3,7.9,10.2,2.3,0.0,19.4,16.1,,-0.1,0.0,-0.1,-0.084,,-7.1,-1.2,-8.3,-0.1
362,Zach Norvell\norveza01,SG,22,LAL,2,5,-5.6,.000,.000,.000,0.0,21.3,10.9,0.0,0.0,0.0,0.0,8.4,,0.0,0.0,0.0,-0.149,,-10.2,-2.4,-12.6,0.0
362,Zach Norvell\norveza01,SG,22,GSW,3,36,3.7,.437,.727,.091,0.0,15.6,7.5,11.7,2.7,0.0,20.8,17.1,,-0.1,0.0,-0.1,-0.075,,-6.7,-1.1,-7.7,-0.1
363,Jaylen Nowell\nowelja01,SG,20,MIN,15,151,10.5,.471,.491,.321,2.0,7.3,4.5,17.8,0.9,0.6,4.7,17.3,,0.1,0.0,0.2,.051,,-2.9,-0.8,-3.7,-0.1
364,Frank Ntilikina\ntilila01,PG,21,NYK,57,1187,9.8,.497,.411,.177,2.0,9.1,5.4,20.2,2.2,1.3,16.5,15.4,,0.1,0.8,0.9,.037,,-3.6,0.4,-3.2,-0.4
365,Kendrick Nunn\nunnke01,SG,24,MIA,62,1846,13.5,.545,.426,.108,1.2,8.7,5.1,18.7,1.4,0.6,10.2,23.7,,1.0,1.4,2.4,.064,,-0.7,-1.3,-2.0,0.0
366,David Nwaba\nwabada01,SF,27,BRK,20,268,14.0,.627,.394,.380,3.2,13.9,8.6,4.4,1.9,3.7,8.8,14.2,,0.4,0.4,0.8,.142,,-1.1,2.0,1.0,0.2
367,Royce O'Neale\onealro01,PF,26,UTA,64,1862,9.3,.584,.657,.153,1.4,17.8,10.0,11.5,1.2,1.3,12.7,9.3,,1.8,2.2,4.0,.104,,-1.3,2.1,0.8,1.3
368,Kyle O'Quinn\oquinky01,C,29,PHI,26,258,18.1,.541,.319,.264,13.7,28.3,21.0,19.1,0.9,7.3,18.3,16.5,,0.3,0.5,0.8,.155,,-0.7,2.2,1.5,0.2
369,Semi Ojeleye\ojelese01,PF,25,BOS,61,891,7.6,.557,.616,.176,2.9,11.9,7.5,4.5,1.0,0.5,6.5,8.8,,0.8,0.9,1.7,.091,,-2.1,0.5,-1.6,0.1
370,Jahlil Okafor\okafoja01,C,24,NOP,28,424,17.8,.631,.014,.403,11.4,18.2,14.8,12.6,0.8,3.7,17.5,19.8,,0.7,0.4,1.1,.129,,-0.8,0.6,-0.2,0.2
371,Elie Okobo\okoboel01,PG,22,PHO,54,707,10.5,.511,.392,.370,2.5,11.6,6.9,21.5,1.6,0.5,15.3,14.9,,0.4,0.5,0.9,.059,,-2.0,-0.1,-2.1,0.0
372,Josh Okogie\okogijo01,SG,21,MIN,62,1547,11.5,.553,.387,.480,5.7,12.8,9.1,8.9,2.0,1.4,15.3,15.1,,1.0,1.2,2.2,.067,,-2.4,0.0,-2.4,-0.1
373,KZ Okpala\okpalkz01,SF,20,MIA,5,26,13.7,.595,.200,.400,4.5,16.6,10.8,5.5,3.8,3.8,14.5,11.7,,0.0,0.0,0.1,.119,,-1.2,4.0,2.7,0.0
374,Victor Oladipo\oladivi01,SG,27,IND,13,337,12.0,.500,.429,.255,2.3,11.0,6.7,16.9,1.6,0.8,13.5,27.0,,-0.3,0.4,0.1,.008,,-1.7,-1.3,-3.0,-0.1
375,Kelly Olynyk\olynyke01,C,28,MIA,59,1089,14.7,.640,.584,.259,4.0,22.0,13.4,13.2,1.7,1.6,15.1,16.9,,1.7,1.5,3.2,.140,,0.1,1.0,1.1,0.8
376,Miye Oni\onimi01,SG,22,UTA,5,11,-9.9,.000,.500,.000,0.0,19.1,10.0,0.0,0.0,0.0,33.3,12.0,,-0.1,0.0,-0.1,-0.285,,-12.7,-4.6,-17.3,0.0
377,Cedi Osman\osmande01,SF,24,CLE,65,1910,10.7,.552,.527,.154,2.2,11.3,6.7,11.6,1.4,0.7,12.3,16.6,,1.1,0.5,1.6,.040,,-1.6,-0.9,-2.6,-0.3
378,Kelly Oubre Jr.\oubreke01,SF,24,PHO,56,1933,14.9,.560,.372,.298,3.8,17.3,10.4,6.7,1.7,1.8,8.2,22.4,,1.7,1.9,3.6,.090,,-0.3,-0.4,-0.6,0.7
379,Tariq Owens\owensta01,PF,24,PHO,3,15,8.4,.340,.400,.400,14.5,7.6,11.1,0.0,3.2,0.0,0.0,16.7,,0.0,0.0,0.0,.017,,-3.1,-2.8,-5.9,0.0
380,Jeremy Pargo\pargoje01,PG,33,GSW,3,44,12.7,.557,.318,.045,2.4,5.1,3.7,33.2,1.1,0.0,15.1,25.7,,0.0,0.0,0.0,.011,,-2.8,-3.1,-5.9,0.0
381,Jabari Parker\parkeja01,PF,24,TOT,33,852,17.0,.561,.291,.185,6.7,18.1,12.3,11.7,2.3,1.5,12.2,24.0,,0.5,0.7,1.2,.066,,0.2,-0.4,-0.1,0.4
381,Jabari Parker\parkeja01,PF,24,ATL,32,837,17.2,.565,.293,.183,6.9,17.9,12.3,11.6,2.3,1.5,12.4,24.0,,0.5,0.7,1.2,.069,,0.4,-0.3,0.1,0.4
381,Jabari Parker\parkeja01,PF,24,SAC,1,15,4.0,.291,.167,.333,0.0,30.9,15.0,17.4,0.0,0.0,0.0,20.0,,0.0,0.0,0.0,-0.079,,-6.9,-3.4,-10.3,0.0
382,Chandler Parsons\parsoch01,SF,31,ATL,5,54,5.6,.389,.778,.000,2.0,12.1,7.0,7.5,3.5,1.6,14.3,16.1,,-0.1,0.0,-0.1,-0.066,,-4.7,-1.3,-6.0,-0.1
383,Eric Paschall\pascher01,PF,23,GSW,60,1654,14.5,.571,.202,.331,5.2,13.1,9.0,12.7,0.9,0.7,11.4,21.4,,1.6,0.5,2.1,.062,,-0.7,-2.0,-2.7,-0.3
384,Anžejs Pasečņiks\pasecan01,C,24,WAS,24,405,11.6,.555,.019,.509,10.2,16.9,13.4,5.7,0.9,2.6,14.5,15.6,,0.3,0.2,0.5,.056,,-3.8,-1.6,-5.4,-0.3
385,Patrick Patterson\pattepa01,PF,30,LAC,51,607,11.7,.576,.755,.181,5.2,15.1,10.3,6.9,0.5,0.4,8.1,15.1,,0.9,0.6,1.5,.118,,0.9,-0.5,0.4,0.4
386,Justin Patton\pattoju01,C,22,OKC,5,24,4.7,.450,.400,.000,4.8,17.9,11.6,12.5,0.0,0.0,16.7,22.1,,0.0,0.0,0.0,-0.066,,-6.9,-3.3,-10.1,-0.1
387,Chris Paul\paulch01,PG,34,OKC,63,2003,21.7,.609,.347,.311,1.2,15.5,8.6,33.4,2.4,0.4,13.0,23.2,,5.5,2.5,8.1,.194,,3.1,1.2,4.3,3.2
388,Elfrid Payton\paytoel01,PG,25,NYK,45,1246,16.0,.470,.157,.195,4.3,14.1,9.1,38.6,2.7,1.3,16.7,19.5,,0.5,1.2,1.7,.065,,-0.3,0.3,0.0,0.6
389,Gary Payton II\paytoga02,PG,27,WAS,29,432,11.3,.473,.397,.069,6.3,14.3,10.2,14.7,3.6,1.4,14.3,13.4,,0.1,0.4,0.4,.049,,-3.1,1.5,-1.6,0.0
390,Norvel Pelle\pelleno01,C,26,PHI,20,178,11.2,.521,.000,.343,9.9,27.3,18.6,5.3,0.3,12.0,24.4,12.9,,-0.1,0.4,0.3,.082,,-7.1,3.1,-4.1,-0.1
391,Theo Pinson\pinsoth01,SG,24,BRK,33,365,5.2,.370,.516,.103,2.9,12.1,7.6,22.0,2.2,0.9,16.9,22.4,,-1.0,0.5,-0.6,-0.074,,-6.9,-0.2,-7.1,-0.5
392,Mason Plumlee\plumlma01,C,29,DEN,53,900,19.1,.615,.016,.556,11.0,23.9,17.4,20.0,1.6,3.4,18.9,18.4,,1.7,1.3,3.0,.162,,0.2,2.0,2.2,1.0
393,Vincent Poirier\poirivi01,C,26,BOS,21,114,12.8,.540,.061,.212,9.5,22.4,16.0,8.6,0.8,4.9,14.3,15.8,,0.1,0.2,0.3,.124,,-4.5,0.7,-3.8,-0.1
394,Jakob Pöltl\poeltja01,C,24,SAS,58,965,19.6,.611,.000,.339,11.6,23.0,17.3,14.6,1.5,7.7,15.2,13.3,,2.0,1.3,3.3,.165,,0.8,2.3,3.1,1.2
395,Shamorie Ponds\pondssh01,PG,21,TOR,4,11,33.2,.765,.400,.400,0.0,9.4,4.8,32.1,0.0,8.8,0.0,22.9,,0.1,0.0,0.1,.451,,8.4,5.3,13.7,0.0
396,Jordan Poole\poolejo01,SG,20,GSW,57,1274,7.2,.454,.528,.237,0.7,9.6,5.0,15.8,1.3,0.7,11.8,21.1,,-1.6,0.4,-1.2,-0.047,,-4.4,-2.2,-6.6,-1.5
397,Kevin Porter Jr.\porteke02,SF,19,CLE,50,1162,10.8,.535,.375,.240,2.1,13.5,7.7,13.9,1.9,1.0,16.7,20.5,,-0.3,0.6,0.3,.011,,-3.2,-0.6,-3.7,-0.5
398,Michael Porter Jr.\portemi01,PF,21,DEN,48,670,18.5,.589,.358,.151,8.8,24.3,16.5,8.0,1.5,2.6,10.3,22.0,,1.0,0.9,2.0,.141,,1.4,-0.7,0.8,0.5
399,Otto Porter\porteot01,SF,26,CHI,14,331,15.8,.550,.443,.193,4.1,12.3,8.0,11.9,2.2,1.7,6.8,21.0,,0.4,0.4,0.8,.112,,0.9,0.2,1.0,0.3
400,Bobby Portis\portibo01,C,24,NYK,66,1393,14.6,.530,.317,.158,6.0,20.4,12.9,11.1,1.1,1.2,10.4,21.4,,0.9,1.0,1.9,.064,,0.1,-1.1,-1.0,0.3
401,Kristaps Porziņģis\porzikr01,PF,24,DAL,51,1597,19.3,.540,.447,.282,5.9,25.3,15.8,8.6,1.1,5.6,8.5,26.6,,1.7,2.6,4.3,.129,,1.2,0.3,1.5,1.4
402,Dwight Powell\poweldw01,C,28,DAL,40,1061,16.0,.677,.170,.485,7.5,14.7,11.2,7.7,1.6,1.8,11.5,12.7,,2.6,1.1,3.7,.169,,0.4,1.0,1.4,0.9
403,Norman Powell\powelno01,SG,26,TOR,44,1269,17.4,.629,.457,.252,2.0,11.2,6.7,9.7,2.1,1.3,10.0,21.5,,2.2,1.9,4.2,.157,,1.4,0.9,2.3,1.4
404,Chasson Randle\randlch01,PG,26,GSW,3,40,6.7,.377,.500,1.500,0.0,5.6,2.7,15.7,2.4,0.0,0.0,7.1,,0.0,0.0,0.0,.044,,-5.9,0.1,-5.8,0.0
405,Julius Randle\randlju01,PF,25,NYK,64,2080,17.5,.538,.230,.350,7.5,24.9,16.0,15.8,1.2,1.0,14.3,27.6,,1.0,1.7,2.7,.062,,0.7,-1.0,-0.3,0.9
406,Josh Reaves\reavejo02,SG,22,DAL,2,1,-40.0,.000,.000,.000,0.0,0.0,0.0,0.0,0.0,0.0,0.0,42.8,,0.0,0.0,0.0,-1.036,,-24.4,-15.1,-39.5,0.0
407,Cam Reddish\reddica01,SF,20,ATL,58,1551,9.0,.500,.451,.227,2.4,12.7,7.5,8.0,1.9,1.5,13.6,18.9,,-1.2,0.8,-0.4,-0.011,,-3.2,-1.0,-4.2,-0.9
408,J.J. Redick\redicjj01,SG,35,NOP,54,1425,15.1,.639,.618,.292,0.7,9.7,5.2,10.8,0.6,0.5,9.4,19.9,,3.2,0.6,3.7,.125,,2.0,-1.6,0.4,0.9
409,Naz Reid\reidna01,C,20,MIN,30,495,15.3,.505,.399,.218,7.0,19.9,13.2,11.2,1.8,3.7,7.6,24.0,,0.2,0.6,0.8,.074,,-1.6,-0.3,-1.9,0.0
410,Josh Richardson\richajo01,SG,26,PHI,48,1474,12.1,.526,.373,.223,2.8,9.4,6.1,14.8,1.5,2.0,12.6,21.1,,0.3,1.6,1.9,.062,,-1.5,-0.2,-1.7,0.1
411,Austin Rivers\riverau01,SG,27,HOU,60,1402,10.3,.538,.537,.208,1.9,8.8,5.3,9.5,1.4,0.6,6.9,14.9,,1.3,1.0,2.2,.077,,-1.9,-0.4,-2.3,-0.1
412,Duncan Robinson\robindu01,SF,25,MIA,65,1949,12.8,.678,.886,.086,0.5,11.2,6.1,7.0,0.9,0.8,8.6,15.8,,3.2,1.5,4.7,.116,,1.2,-0.9,0.3,1.1
413,Glenn Robinson III\robingl02,SF,26,TOT,60,1743,13.4,.576,.330,.144,4.7,11.7,8.1,8.6,1.5,0.8,7.9,16.4,,2.0,0.8,2.8,.077,,-0.5,-1.1,-1.6,0.2
413,Glenn Robinson III\robingl02,SF,26,GSW,48,1516,13.1,.574,.335,.146,4.6,11.9,8.1,8.8,1.4,0.8,8.5,16.6,,1.5,0.6,2.1,.067,,-0.5,-1.2,-1.7,0.1
413,Glenn Robinson III\robingl02,SF,26,PHI,12,227,14.9,.594,.296,.127,5.8,10.7,8.3,7.1,1.7,0.8,3.8,14.8,,0.5,0.2,0.7,.147,,-0.2,-0.9,-1.1,0.1
414,Jerome Robinson\robinje01,SG,22,TOT,55,748,6.0,.439,.481,.134,1.3,13.8,7.5,11.4,1.4,1.6,12.9,14.6,,-0.7,0.7,0.0,.003,,-4.6,0.1,-4.5,-0.5
414,Jerome Robinson\robinje01,SG,22,LAC,42,476,4.8,.423,.493,.140,1.1,11.6,6.5,12.6,1.3,1.5,15.3,14.9,,-0.6,0.6,0.0,-0.002,,-5.4,0.6,-4.8,-0.3
414,Jerome Robinson\robinje01,SG,22,WAS,13,272,8.1,.468,.463,.125,1.6,17.6,9.3,9.2,1.5,1.9,8.7,14.1,,-0.1,0.1,0.1,.011,,-3.3,-0.6,-3.9,-0.1
415,Justin Robinson\robinju01,PG,22,WAS,9,49,8.2,.542,.417,.000,2.2,9.3,5.6,18.6,0.0,1.8,20.0,12.7,,0.0,0.0,0.0,.006,,-2.6,-3.1,-5.7,0.0
416,Mitchell Robinson\robinmi01,C,21,NYK,61,1412,23.5,.726,.000,.434,13.7,18.8,16.2,3.9,1.8,8.0,8.3,13.3,,4.8,2.0,6.8,.230,,1.6,1.3,3.0,1.8
417,Isaiah Roby\robyis01,SF,21,OKC,3,11,-7.7,.000,.000,.000,0.0,19.5,10.1,0.0,0.0,0.0,50.0,8.0,,-0.1,0.0,0.0,-0.191,,-12.0,-3.5,-15.5,0.0
418,Rajon Rondo\rondora01,PG,33,LAL,48,984,12.4,.494,.381,.125,2.6,12.9,7.9,32.4,1.9,0.2,20.8,18.7,,0.2,1.3,1.5,.073,,-1.1,0.0,-1.2,0.2
419,Derrick Rose\rosede01,PG,31,DET,50,1298,21.1,.555,.195,.185,2.3,8.3,5.3,40.5,1.5,1.0,13.4,31.6,,1.9,0.6,2.5,.093,,4.0,-1.7,2.2,1.4
420,Terrence Ross\rosste01,SG,28,ORL,63,1723,14.2,.548,.584,.207,0.8,12.3,6.3,6.8,2.0,1.2,6.8,22.8,,1.0,1.8,2.9,.080,,0.0,-0.3,-0.4,0.7
421,Terry Rozier\roziete01,PG,25,CHO,63,2164,14.9,.553,.450,.202,2.4,11.8,7.0,20.4,1.4,0.4,12.1,23.7,,1.9,1.1,3.0,.067,,0.8,-1.3,-0.4,0.8
422,Ricky Rubio\rubiori01,PG,29,PHO,57,1802,16.3,.531,.308,.334,2.5,14.0,8.2,39.9,2.3,0.4,18.1,20.2,,2.4,1.7,4.1,.109,,0.5,0.2,0.7,1.2
423,D'Angelo Russell\russeda01,PG,23,TOT,45,1452,18.7,.556,.509,.235,1.2,12.3,6.6,35.2,1.6,0.8,13.6,31.5,,1.1,0.7,1.8,.060,,3.8,-1.9,1.9,1.4
423,D'Angelo Russell\russeda01,PG,23,GSW,33,1060,19.1,.558,.506,.227,1.4,11.4,6.2,36.0,1.4,0.8,12.6,32.2,,0.9,0.4,1.3,.059,,4.5,-1.9,2.6,1.2
423,D'Angelo Russell\russeda01,PG,23,MIN,12,392,17.6,.553,.521,.261,0.8,14.5,7.4,33.1,2.0,0.8,16.4,29.5,,0.2,0.3,0.5,.064,,1.8,-1.7,0.2,0.2
424,Domantas Sabonis\sabondo01,C,23,IND,62,2159,20.7,.586,.079,.349,9.7,29.5,19.7,21.7,1.1,1.2,14.8,23.4,,4.2,3.3,7.6,.168,,2.1,1.1,3.2,2.9
425,Luka Šamanić\samanlu01,PF,20,SAS,1,12,-3.4,.000,.500,.000,0.0,18.0,9.0,28.9,0.0,0.0,0.0,14.5,,-0.1,0.0,-0.1,-0.252,,-7.4,-4.5,-11.9,0.0
426,JaKarr Sampson\sampsja02,SF,26,IND,26,340,11.8,.607,.160,.247,4.9,14.2,9.6,3.6,1.3,2.3,7.2,12.5,,0.4,0.4,0.8,.117,,-2.7,0.8,-1.8,0.0
427,Dario Šarić\saricda01,PF,25,PHO,58,1441,13.3,.572,.455,.202,6.7,20.2,13.3,10.9,1.1,0.9,12.3,17.2,,1.5,1.2,2.7,.091,,-0.5,-0.4,-0.9,0.4
428,Tomáš Satoranský\satorto01,PG,28,CHI,65,1878,13.5,.533,.361,.220,4.3,11.0,7.5,27.1,2.1,0.4,17.7,16.7,,1.8,1.7,3.5,.090,,-1.0,-0.2,-1.2,0.4
429,Admiral Schofield\schofad01,SF,22,WAS,27,293,6.8,.514,.627,.173,2.2,10.9,6.4,6.2,1.3,0.9,8.0,12.5,,0.1,0.0,0.1,.020,,-4.2,-1.1,-5.3,-0.2
430,Dennis Schröder\schrode01,PG,26,OKC,63,1952,16.8,.573,.339,.243,1.1,11.8,6.6,21.6,1.1,0.6,13.2,27.2,,1.9,1.6,3.5,.086,,1.1,-1.2,-0.1,1.0
431,Mike Scott\scottmi01,PF,31,PHI,63,1119,10.2,.539,.639,.094,5.7,16.5,11.1,5.9,0.8,0.4,6.7,13.8,,1.0,1.1,2.1,.089,,-1.2,-1.1,-2.3,-0.1
432,Thabo Sefolosha\sefolth01,PF,35,HOU,41,436,9.5,.487,.593,.088,5.0,17.4,11.2,7.5,2.6,2.4,13.7,10.4,,0.1,0.6,0.7,.073,,-2.7,1.6,-1.1,0.1
433,Collin Sexton\sextoco01,SG,21,CLE,65,2143,16.3,.560,.235,.246,3.1,7.5,5.3,15.1,1.5,0.3,11.6,27.2,,2.2,0.3,2.5,.057,,0.3,-2.1,-1.8,0.1
434,Landry Shamet\shamela01,SG,22,LAC,47,1294,9.2,.599,.764,.179,0.5,6.5,3.6,9.0,0.7,0.6,8.7,13.3,,1.7,1.0,2.7,.100,,-1.4,-0.2,-1.6,0.1
435,Marial Shayok\shayoma01,SG,24,PHI,2,10,-2.0,.300,.600,.000,0.0,33.1,16.6,13.4,0.0,0.0,16.7,25.9,,-0.1,0.0,0.0,-0.227,,-8.7,-2.6,-11.3,0.0
436,Iman Shumpert\shumpim01,SG,29,BRK,13,241,5.3,.403,.516,.109,3.9,10.4,7.3,6.8,2.4,0.7,13.0,13.4,,-0.3,0.3,0.0,-0.001,,-6.4,0.8,-5.6,-0.2
437,Pascal Siakam\siakapa01,PF,25,TOR,53,1882,18.7,.559,.320,.275,3.3,18.8,11.2,17.0,1.3,2.5,10.5,28.5,,2.0,3.2,5.2,.133,,1.7,0.5,2.2,2.0
438,Chris Silva\silvach01,PF,23,MIA,41,307,17.2,.663,.029,.710,20.6,19.3,19.9,10.2,1.4,5.8,25.5,17.5,,0.7,0.5,1.1,.178,,-3.4,0.9,-2.5,0.0
439,Ben Simmons\simmobe01,PG,23,PHI,54,1930,20.8,.608,.010,.460,6.2,18.0,12.1,34.8,2.9,1.4,20.6,20.9,,3.8,3.2,7.0,.174,,1.4,2.4,3.9,2.9
440,Anfernee Simons\simonan01,SG,20,POR,65,1400,9.3,.506,.417,.175,1.9,8.9,5.4,9.4,0.9,0.6,9.7,19.0,,0.1,0.2,0.3,.010,,-2.5,-1.8,-4.4,-0.8
441,Alen Smailagić\smailal01,PF,19,GSW,14,139,14.5,.610,.325,.475,7.5,13.7,10.5,14.3,1.0,2.6,18.5,18.2,,0.2,0.1,0.2,.081,,-1.3,-0.8,-2.1,0.0
442,Marcus Smart\smartma01,SG,25,BOS,53,1721,14.0,.519,.582,.201,2.5,10.1,6.4,21.0,2.4,1.5,11.5,19.3,,1.7,2.4,4.1,.115,,0.2,1.3,1.6,1.5
443,Dennis Smith Jr.\smithde03,PG,22,NYK,34,537,7.5,.399,.256,.251,4.1,11.7,7.7,26.4,2.5,1.4,19.8,23.1,,-1.3,0.5,-0.9,-0.079,,-5.2,-0.9,-6.1,-0.6
444,Ish Smith\smithis01,PG,31,WAS,60,1570,13.8,.512,.258,.120,1.9,11.7,6.6,25.9,1.5,1.3,11.2,18.3,,1.3,0.4,1.7,.053,,-0.3,-1.1,-1.4,0.2
445,Zhaire Smith\smithzh01,SG,20,PHI,7,32,1.1,.313,.273,.364,0.0,6.9,3.5,8.3,4.6,0.0,13.6,19.9,,-0.1,0.1,-0.1,-0.118,,-10.8,0.8,-10.0,-0.1
446,Tony Snell\snellto01,SF,28,DET,59,1641,9.7,.598,.665,.084,0.6,7.1,3.8,10.9,1.0,0.8,7.3,11.4,,2.1,0.5,2.6,.076,,-1.1,-0.6,-1.8,0.1
447,Omari Spellman\spellom01,PF,22,GSW,49,886,14.4,.551,.373,.312,9.1,18.0,13.4,8.1,1.8,2.4,13.9,18.8,,0.5,0.7,1.2,.065,,-0.7,-1.0,-1.7,0.1
448,Max Strus\strusma01,SG,23,CHI,2,6,30.7,.727,.333,.333,17.5,0.0,9.2,0.0,0.0,0.0,0.0,24.4,,0.0,0.0,0.0,.317,,5.4,-1.0,4.4,0.0
449,Edmond Sumner\sumneed01,PG,24,IND,25,345,10.0,.485,.342,.135,3.2,8.6,5.9,15.4,2.1,2.0,13.9,17.4,,-0.1,0.4,0.3,.039,,-3.6,0.4,-3.1,-0.1
450,Caleb Swanigan\swanica01,PF,22,TOT,27,288,7.6,.597,.043,.362,9.9,26.1,18.1,14.0,0.5,2.1,40.4,13.5,,-0.2,0.2,0.0,.007,,-6.3,0.2,-6.0,-0.3
450,Caleb Swanigan\swanica01,PF,22,SAC,7,23,0.0,.512,.000,.500,9.6,25.2,17.2,11.7,2.1,8.3,55.1,20.6,,-0.1,0.0,-0.1,-0.175,,-14.6,3.4,-11.2,-0.1
450,Caleb Swanigan\swanica01,PF,22,POR,20,265,8.3,.605,.047,.349,9.9,26.2,18.2,14.2,0.4,1.6,38.5,12.9,,-0.1,0.2,0.1,.023,,-5.5,0.0,-5.6,-0.2
451,Jayson Tatum\tatumja01,PF,21,BOS,59,2043,20.3,.562,.377,.251,3.0,18.8,11.0,14.0,2.0,2.4,9.7,28.6,,2.9,3.4,6.2,.147,,3.3,0.6,3.9,3.0
452,Jeff Teague\teaguje01,PG,31,TOT,59,1464,14.6,.557,.239,.403,1.9,8.6,5.2,30.7,1.4,1.1,16.8,19.5,,1.9,0.6,2.5,.082,,-0.2,-1.3,-1.5,0.2
452,Jeff Teague\teaguje01,PG,31,MIN,34,945,16.0,.578,.269,.444,1.6,8.5,4.9,32.5,1.2,1.1,16.4,20.2,,1.7,0.4,2.1,.108,,0.6,-1.2,-0.6,0.3
452,Jeff Teague\teaguje01,PG,31,ATL,25,519,12.2,.512,.182,.321,2.5,8.8,5.6,27.3,1.7,1.0,17.5,18.3,,0.2,0.2,0.4,.035,,-1.6,-1.5,-3.1,-0.2
453,Garrett Temple\templga01,SG,33,BRK,55,1547,10.3,.507,.660,.139,1.9,10.5,6.3,13.1,1.3,1.4,9.3,16.6,,0.5,1.6,2.1,.065,,-1.5,0.4,-1.1,0.4
454,Daniel Theis\theisda01,C,27,BOS,58,1382,18.2,.629,.212,.277,10.2,19.2,14.7,9.9,1.2,5.0,10.1,14.7,,3.6,2.3,5.9,.205,,0.4,1.8,2.3,1.5
455,Isaiah Thomas\thomais02,PG,30,WAS,40,925,11.6,.531,.444,.178,1.3,7.0,4.0,23.2,0.7,0.6,14.4,24.1,,0.2,-0.1,0.0,.001,,-0.5,-3.9,-4.4,-0.6
456,Khyri Thomas\thomakh01,SG,23,DET,8,61,3.2,.453,.824,.235,1.8,0.0,0.9,6.7,2.4,0.0,13.8,15.6,,-0.1,0.0,0.0,-0.038,,-6.1,-1.8,-7.9,-0.1
457,Matt Thomas\thomama02,SG,25,TOR,33,321,13.6,.650,.676,.090,2.4,13.2,7.9,7.9,1.2,0.0,9.4,17.0,,0.5,0.4,0.9,.137,,1.0,0.4,1.4,0.3
458,Tristan Thompson\thomptr01,C,28,CLE,57,1721,16.8,.540,.041,.286,14.5,22.9,18.6,10.5,0.9,2.5,14.0,18.3,,2.0,1.1,3.1,.085,,-0.2,-1.3,-1.5,0.2
459,Matisse Thybulle\thybuma01,SG,22,PHI,57,1110,9.8,.530,.607,.175,3.5,5.1,4.3,8.3,3.5,3.1,15.1,11.6,,0.1,1.8,1.9,.084,,-3.0,3.1,0.1,0.6
460,Anthony Tolliver\tollian01,PF,34,TOT,47,732,6.6,.497,.781,.161,4.3,14.5,9.5,5.7,1.0,1.3,15.3,11.4,,-0.1,0.4,0.3,.018,,-3.1,-0.7,-3.8,-0.3
460,Anthony Tolliver\tollian01,PF,34,POR,33,554,7.6,.515,.761,.162,5.1,15.3,10.3,6.6,0.7,1.4,14.3,11.2,,0.2,0.2,0.4,.033,,-2.4,-0.9,-3.3,-0.2
460,Anthony Tolliver\tollian01,PF,34,SAC,9,82,0.3,.252,.882,.118,2.7,12.7,7.6,4.6,2.4,1.2,18.3,11.6,,-0.2,0.1,-0.2,-0.099,,-7.8,-0.9,-8.8,-0.1
460,Anthony Tolliver\tollian01,PF,34,MEM,5,96,6.8,.593,.810,.190,1.1,11.8,6.6,1.3,1.5,0.9,18.0,12.0,,0.0,0.1,0.1,.026,,-3.4,0.3,-3.0,0.0
461,Juan Toscano-Anderson\toscaju01,SF,26,GSW,13,272,9.4,.529,.365,.079,3.5,17.8,10.4,13.8,2.3,1.7,19.7,12.7,,-0.1,0.2,0.2,.030,,-3.9,0.4,-3.5,-0.1
462,Karl-Anthony Towns\townska01,C,24,MIN,35,1187,26.5,.642,.445,.363,8.1,26.1,16.8,22.8,1.3,2.9,13.2,28.8,,3.8,1.3,5.1,.205,,7.0,0.8,7.8,2.9
463,Gary Trent Jr.\trentga02,SG,21,POR,53,1059,11.8,.555,.574,.103,2.0,6.6,4.3,6.5,1.8,1.0,4.9,15.4,,1.2,0.4,1.6,.071,,-0.5,-0.6,-1.1,0.3
464,Allonzo Trier\trieral01,PG,24,NYK,24,291,14.5,.620,.500,.406,2.1,8.7,5.3,14.8,0.5,1.3,15.0,21.4,,0.5,0.1,0.5,.087,,1.0,-1.5,-0.5,0.1
465,P.J. Tucker\tuckepj01,PF,34,HOU,64,2203,8.7,.580,.687,.118,4.8,16.2,10.5,5.9,1.5,1.2,14.6,8.6,,1.8,2.2,3.9,.086,,-2.2,0.6,-1.6,0.2
466,Rayjon Tucker\tuckera01,SG,22,UTA,14,78,4.5,.448,.316,.263,2.9,14.8,9.1,3.5,0.6,0.0,12.4,13.6,,-0.1,0.1,0.0,-0.009,,-6.7,-1.2,-7.9,-0.1
467,Evan Turner\turneev01,PG,31,ATL,19,251,6.8,.424,.075,.209,3.4,13.0,8.2,20.6,1.7,2.7,26.2,16.4,,-0.5,0.1,-0.3,-0.064,,-4.9,-0.7,-5.6,-0.2
468,Myles Turner\turnemy01,C,23,IND,55,1628,14.7,.561,.443,.279,4.8,19.5,12.2,5.1,1.3,6.5,10.5,17.5,,1.0,2.8,3.7,.111,,-0.9,1.1,0.2,0.9
469,Jarrod Uthoff\uthofja01,SF,26,MEM,4,14,-0.1,.254,.571,.286,7.6,0.0,3.7,0.0,3.3,0.0,0.0,23.4,,-0.1,0.0,0.0,-0.167,,-11.0,-2.5,-13.5,0.0
470,Jonas Valančiūnas\valanjo01,C,27,MEM,62,1630,22.3,.631,.120,.256,12.5,31.9,22.4,10.2,0.7,3.7,12.8,21.4,,3.8,2.4,6.2,.182,,2.2,0.0,2.3,1.8
471,Denzel Valentine\valende01,SF,26,CHI,36,488,13.0,.511,.578,.034,1.9,15.5,8.4,14.2,2.6,1.2,9.8,23.3,,-0.1,0.6,0.5,.048,,-0.7,0.2,-0.5,0.2
472,Jarred Vanderbilt\vandeja01,SF-PF,20,TOT,11,46,7.6,.676,.125,.250,7.3,14.5,10.8,5.9,3.2,2.0,44.1,14.9,,-0.1,0.1,0.0,-0.020,,-6.6,0.6,-5.9,0.0
472,Jarred Vanderbilt\vandeja01,SF,20,DEN,9,41,7.2,.714,.000,.000,8.1,13.6,10.9,6.6,3.6,2.2,50.0,14.8,,-0.1,0.1,0.0,-0.035,,-7.1,1.1,-6.0,0.0
472,Jarred Vanderbilt\vandeja01,PF,20,MIN,2,5,11.1,.532,1.000,2.000,0.0,21.9,10.6,0.0,0.0,0.0,0.0,15.5,,0.0,0.0,0.0,.104,,-2.8,-2.8,-5.6,0.0
473,Fred VanVleet\vanvlfr01,PG,25,TOR,48,1719,16.0,.546,.482,.237,1.1,9.7,5.5,27.4,2.5,0.7,12.4,22.0,,2.2,2.7,4.9,.136,,1.0,1.3,2.3,1.8
474,Gabe Vincent\vincega01,PG,23,MIA,6,42,1.2,.316,.842,.000,0.0,7.7,4.0,9.9,1.2,0.0,0.0,20.0,,-0.1,0.0,-0.1,-0.105,,-6.7,-2.9,-9.6,-0.1
475,Noah Vonleh\vonleno01,C-PF,24,TOT,33,364,15.6,.621,.169,.337,10.4,25.9,17.9,10.7,1.4,1.4,17.0,14.0,,0.6,0.4,1.0,.126,,-1.2,0.3,-0.8,0.1
475,Noah Vonleh\vonleno01,C,24,MIN,29,347,15.3,.605,.163,.326,10.0,25.9,17.6,10.8,1.5,1.4,16.2,13.9,,0.5,0.3,0.9,.123,,-1.4,0.4,-1.0,0.1
475,Noah Vonleh\vonleno01,PF,24,DEN,4,17,22.0,1.031,.333,.667,19.6,26.2,22.9,8.6,0.0,0.0,34.0,15.0,,0.1,0.0,0.1,.185,,4.3,-1.6,2.7,0.0
476,Nikola Vučević\vucevni01,C,29,ORL,54,1763,21.6,.540,.274,.160,7.6,29.4,18.1,20.0,1.3,2.4,7.3,25.8,,2.9,2.6,5.5,.150,,3.4,0.6,4.0,2.7
477,Dean Wade\wadede01,PF,23,CLE,12,71,13.9,.744,.308,.077,4.6,25.3,14.9,4.0,1.4,4.8,18.2,9.9,,0.1,0.1,0.2,.104,,-1.7,0.5,-1.2,0.0
478,Moritz Wagner\wagnemo01,C,22,WAS,37,707,16.6,.666,.294,.360,7.6,22.8,14.9,10.1,1.5,2.1,17.2,18.8,,1.3,0.5,1.8,.122,,-1.2,-0.3,-1.6,0.1
479,Dion Waiters\waitedi01,SG,28,MIA,3,42,13.5,.530,.654,.038,0.0,28.2,14.7,12.4,0.0,4.7,10.2,30.9,,-0.1,0.1,0.0,-0.001,,2.4,-0.6,1.8,0.0
480,Kemba Walker\walkeke02,PG,29,BOS,50,1592,20.2,.569,.526,.270,2.2,11.4,6.9,24.6,1.4,1.5,10.3,27.8,,3.5,1.9,5.4,.163,,5.0,-0.2,4.7,2.7
481,Lonnie Walker\walkelo01,SG,21,SAS,53,767,11.0,.515,.266,.199,2.8,13.4,8.1,8.4,1.8,1.5,9.6,18.2,,0.0,0.5,0.5,.028,,-2.5,-0.7,-3.2,-0.2
482,Tyrone Wallace\wallaty01,SG,25,ATL,14,160,3.9,.389,.341,.386,2.0,13.0,7.4,10.9,2.0,0.5,16.3,16.0,,-0.3,0.1,-0.3,-0.075,,-7.7,-1.0,-8.7,-0.3
483,Taurean Prince\princta02,SF,25,BRK,64,1857,9.2,.497,.583,.120,2.8,17.9,10.6,9.3,1.5,1.1,14.0,20.4,,-1.7,2.4,0.7,.019,,-2.9,-0.1,-3.0,-0.5
484,Derrick Walton\waltode01,PG,24,TOT,26,248,8.7,.617,.615,.231,0.9,5.7,3.4,13.9,1.4,0.0,10.4,8.1,,0.4,0.2,0.6,.112,,-2.3,1.3,-1.1,0.1
484,Derrick Walton\waltode01,PG,24,LAC,23,222,8.4,.626,.583,.250,1.0,5.9,3.5,12.6,0.8,0.0,9.1,8.2,,0.4,0.2,0.5,.113,,-2.2,0.9,-1.4,0.0
484,Derrick Walton\waltode01,PG,24,DET,3,26,11.3,.500,1.000,.000,0.0,4.4,2.2,24.8,5.7,0.0,25.0,6.7,,0.0,0.0,0.1,.104,,-2.8,4.6,1.8,0.0
485,Brad Wanamaker\wanambr01,PG,30,BOS,63,1215,11.8,.560,.283,.365,1.7,9.2,5.5,17.6,2.1,0.9,15.9,15.4,,1.2,1.5,2.7,.108,,-2.5,1.2,-1.3,0.2
486,T.J. Warren\warretj01,SF,26,IND,61,1984,17.2,.599,.212,.214,3.4,10.0,6.7,6.8,1.7,1.2,7.5,22.8,,3.1,2.2,5.3,.129,,0.4,-0.2,0.2,1.1
487,P.J. Washington\washipj01,PF,21,CHO,58,1759,12.4,.547,.390,.231,3.5,16.6,9.8,11.3,1.5,2.3,12.5,18.6,,0.5,1.4,2.0,.054,,-1.7,0.1,-1.6,0.2
488,Yuta Watanabe\watanyu01,SG,25,MEM,16,99,9.5,.461,.276,.276,6.5,11.4,9.0,5.3,2.4,0.9,5.8,14.5,,0.0,0.1,0.1,.047,,-3.6,1.0,-2.6,0.0
489,Tremont Waters\watertr01,PG,22,BOS,10,89,6.5,.438,.486,.171,0.0,10.7,5.4,18.8,2.7,2.1,21.0,22.9,,-0.2,0.1,-0.1,-0.045,,-6.6,0.1,-6.5,-0.1
490,Paul Watson\watsopa01,SF-SG,25,TOT,5,25,-0.5,.056,.500,.250,0.0,17.0,8.5,23.9,1.9,3.9,0.0,14.8,,-0.1,0.0,-0.1,-0.181,,-8.0,0.8,-7.3,0.0
490,Paul Watson\watsopa01,SG,25,ATL,2,17,-7.1,.000,.429,.000,0.0,12.8,6.3,21.1,2.7,0.0,0.0,17.1,,-0.1,0.0,-0.1,-0.320,,-12.3,-1.6,-13.9,-0.1
490,Paul Watson\watsopa01,SF,25,TOR,3,8,13.6,.266,1.000,2.000,0.0,25.9,13.2,29.8,0.0,12.1,0.0,10.1,,0.0,0.0,0.0,.114,,1.1,5.8,6.9,0.0
491,Quinndary Weatherspoon\weathqu01,SG,23,SAS,3,15,-5.1,.000,.333,.000,0.0,7.2,3.6,7.7,0.0,0.0,0.0,8.7,,-0.1,0.0,-0.1,-0.197,,-9.1,-6.0,-15.1,-0.1
492,Russell Westbrook\westbru01,PG,31,HOU,53,1905,21.5,.539,.168,.289,5.1,18.4,11.7,35.0,2.1,0.8,14.9,34.4,,2.1,2.3,4.3,.109,,1.9,-0.1,1.8,1.8
493,Coby White\whiteco01,SG,19,CHI,65,1674,11.9,.506,.475,.163,1.8,14.0,7.6,16.5,1.4,0.3,11.4,24.4,,-0.4,1.4,0.9,.026,,-1.2,-1.6,-2.8,-0.3
494,Derrick White\whitede01,SG,25,SAS,61,1468,15.9,.585,.345,.377,2.2,12.0,7.1,19.5,1.3,3.3,12.2,18.2,,2.5,0.9,3.4,.110,,0.7,0.2,0.9,1.1
495,Hassan Whiteside\whiteha01,C,30,POR,61,1911,25.0,.641,.010,.333,13.4,33.4,23.6,6.0,0.6,8.3,13.1,19.8,,5.1,3.0,8.1,.204,,2.5,0.7,3.2,2.5
496,Andrew Wiggins\wiggian01,SF-SG,24,TOT,54,1858,16.4,.536,.342,.274,3.6,12.3,7.8,18.1,1.1,2.4,10.7,27.4,,0.9,1.1,1.9,.050,,1.1,-1.5,-0.3,0.8
496,Andrew Wiggins\wiggian01,SF,24,MIN,42,1455,16.1,.535,.348,.262,3.4,12.9,7.9,18.1,0.9,2.1,10.8,28.0,,0.6,0.8,1.4,.046,,1.2,-1.5,-0.4,0.6
496,Andrew Wiggins\wiggian01,SG,24,GSW,12,403,17.5,.542,.314,.324,4.7,10.3,7.4,18.2,1.9,3.8,10.4,25.4,,0.2,0.3,0.5,.064,,1.0,-1.1,-0.2,0.2
497,Grant Williams\willigr01,PF,21,BOS,62,970,8.0,.508,.443,.266,6.5,11.7,9.1,8.3,1.4,3.1,17.7,11.5,,0.2,1.3,1.5,.075,,-4.0,1.4,-2.6,-0.1
498,Johnathan Williams\willijo04,C,24,WAS,11,135,14.4,.643,.080,.200,11.7,23.7,17.5,5.9,0.3,3.9,12.8,9.6,,0.3,0.1,0.3,.116,,-0.5,-1.3,-1.8,0.0
499,Kenrich Williams\willike04,PF,25,NOP,35,779,7.6,.430,.671,.168,6.6,17.5,12.0,8.3,1.5,2.2,12.0,9.2,,0.1,0.8,0.8,.052,,-3.3,1.0,-2.3,-0.1
500,Lou Williams\willilo02,SG,33,LAC,60,1757,17.2,.546,.334,.365,1.7,9.1,5.5,29.9,1.1,0.5,14.4,28.3,,2.2,1.7,3.9,.107,,2.1,-1.4,0.8,1.2
501,Marvin Williams\willima02,PF,33,TOT,52,1011,11.4,.585,.578,.217,2.1,13.7,7.8,8.0,1.7,2.4,9.3,13.0,,1.0,1.0,2.1,.099,,-1.7,1.0,-0.7,0.3
501,Marvin Williams\willima02,PF,33,CHO,41,808,11.8,.593,.557,.238,2.0,13.2,7.4,7.8,1.6,2.5,9.7,14.0,,0.8,0.6,1.5,.087,,-1.6,0.4,-1.2,0.2
501,Marvin Williams\willima02,PF,33,MIL,11,203,9.7,.540,.692,.103,2.6,15.6,9.5,9.0,2.0,1.7,6.9,8.9,,0.2,0.4,0.6,.148,,-2.0,3.4,1.4,0.2
502,Robert Williams\williro04,C,22,BOS,23,323,19.6,.671,.000,.403,11.4,24.3,17.9,9.5,3.0,8.0,21.5,12.3,,0.6,0.8,1.4,.205,,-0.6,4.4,3.8,0.5
503,Nigel Williams-Goss\willini01,PG,25,UTA,9,28,5.7,.254,.286,.286,8.2,11.2,9.8,22.3,1.7,3.0,20.2,15.5,,-0.1,0.0,0.0,-0.045,,-5.1,1.1,-3.9,0.0
504,Zion Williamson\willizi01,PF,19,NOP,19,565,24.2,.624,.045,.521,10.2,13.9,12.0,12.6,1.3,1.3,12.4,29.6,,1.3,0.4,1.8,.149,,3.5,-1.1,2.4,0.6
505,D.J. Wilson\wilsodj01,PF,23,MIL,31,280,8.4,.476,.545,.089,3.8,19.3,12.0,10.3,0.3,1.6,12.5,17.7,,-0.2,0.5,0.3,.055,,-3.9,0.3,-3.6,-0.1
506,Justise Winslow\winslju01,SF,23,MIA,11,352,8.6,.440,.209,.209,5.3,17.4,11.6,18.6,1.0,1.4,14.6,20.7,,-0.4,0.4,0.0,-0.003,,-3.5,-0.1,-3.5,-0.1
507,Christian Wood\woodch01,PF,24,DET,62,1325,23.2,.659,.276,.476,8.8,24.8,16.7,7.6,1.3,3.4,12.0,23.0,,3.6,1.5,5.1,.184,,3.5,-0.3,3.1,1.7
508,Delon Wright\wrighde01,SG,27,DAL,65,1412,16.1,.563,.307,.236,5.0,14.0,9.6,21.2,2.6,1.3,13.9,14.8,,2.6,1.8,4.3,.148,,0.4,2.0,2.4,1.6
509,Justin Wright-Foreman\wrighju02,PG,22,UTA,1,2,0.0,,,,0.0,0.0,0.0,0.0,0.0,0.0,,0.0,,0.0,0.0,0.0,.010,,-6.1,-0.9,-7.0,0.0
510,Thaddeus Young\youngth01,PF,31,CHI,64,1591,13.3,.521,.369,.120,6.2,16.1,10.9,11.3,2.8,1.4,13.9,19.7,,-0.2,2.1,1.9,.058,,-1.4,0.2,-1.1,0.4
511,Trae Young\youngtr01,PG,21,ATL,60,2120,23.9,.595,.455,.448,1.6,11.5,6.5,45.6,1.4,0.3,16.2,34.9,,5.4,0.5,5.9,.134,,6.3,-2.3,4.0,3.2
512,Cody Zeller\zelleco01,C,27,CHO,58,1341,18.8,.576,.157,.374,12.6,21.2,16.7,11.3,1.5,1.7,11.9,20.8,,2.4,1.2,3.6,.129,,0.2,-0.8,-0.6,0.5
513,Ante Žižić\zizican01,C,23,CLE,22,221,16.4,.597,.000,.264,9.0,24.4,16.6,4.2,1.5,1.9,11.1,17.5,,0.3,0.2,0.5,.106,,-1.7,-1.5,-3.2,-0.1
514,Ivica Zubac\zubaciv01,C,22,LAC,64,1156,21.0,.642,.006,.420,15.2,25.7,20.6,8.7,0.5,4.6,11.8,16.2,,3.6,2.0,5.6,.231,,1.5,1.0,2.5,1.3
