Team,season,Total3P
Abilene Christian Wildcats,2014-2015,610
Abilene Christian Wildcats,2015-2016,570
Abilene Christian Wildcats,2016-2017,550
Abilene Christian Wildcats,2017-2018,656
Abilene Christian Wildcats,2018-2019,660
Air Force Falcons,2014-2015,625
Air Force Falcons,2015-2016,596
Air Force Falcons,2016-2017,728
Air Force Falcons,2017-2018,755
Air Force Falcons,2018-2019,712
Akron Zips,2014-2015,937
Akron Zips,2015-2016,1069
Akron Zips,2016-2017,984
Akron Zips,2017-2018,851
Akron Zips,2018-2019,929
Alabama A&M Bulldogs,2014-2015,577
Alabama A&M Bulldogs,2015-2016,599
Alabama A&M Bulldogs,2016-2017,447
Alabama A&M Bulldogs,2017-2018,601
Alabama A&M Bulldogs,2018-2019,575
Alabama Crimson Tide,2014-2015,697
Alabama Crimson Tide,2015-2016,763
Alabama Crimson Tide,2016-2017,710
Alabama Crimson Tide,2017-2018,702
Alabama Crimson Tide,2018-2019,718
Alabama State Hornets,2014-2015,480
Alabama State Hornets,2015-2016,647
Alabama State Hornets,2016-2017,674
Alabama State Hornets,2017-2018,638
Alabama State Hornets,2018-2019,674
Alabama-Birmingham Blazers,2014-2015,607
Alabama-Birmingham Blazers,2015-2016,671
Alabama-Birmingham Blazers,2016-2017,583
Alabama-Birmingham Blazers,2017-2018,646
Alabama-Birmingham Blazers,2018-2019,694
Albany (NY) Great Danes,2014-2015,572
Albany (NY) Great Danes,2015-2016,587
Albany (NY) Great Danes,2016-2017,516
Albany (NY) Great Danes,2017-2018,502
Albany (NY) Great Danes,2018-2019,790
Alcorn State Braves,2014-2015,553
Alcorn State Braves,2015-2016,566
Alcorn State Braves,2016-2017,669
Alcorn State Braves,2017-2018,697
Alcorn State Braves,2018-2019,646
American Eagles,2014-2015,571
American Eagles,2015-2016,572
American Eagles,2016-2017,529
American Eagles,2017-2018,709
American Eagles,2018-2019,583
Appalachian State Mountaineers,2014-2015,588
Appalachian State Mountaineers,2015-2016,720
Appalachian State Mountaineers,2016-2017,742
Appalachian State Mountaineers,2017-2018,859
Appalachian State Mountaineers,2018-2019,814
Arizona State Sun Devils,2014-2015,660
Arizona State Sun Devils,2015-2016,757
Arizona State Sun Devils,2016-2017,896
Arizona State Sun Devils,2017-2018,793
Arizona State Sun Devils,2018-2019,714
Arizona Wildcats,2014-2015,536
Arizona Wildcats,2015-2016,580
Arizona Wildcats,2016-2017,625
Arizona Wildcats,2017-2018,642
Arizona Wildcats,2018-2019,699
Arkansas Razorbacks,2014-2015,681
Arkansas Razorbacks,2015-2016,544
Arkansas Razorbacks,2016-2017,638
Arkansas Razorbacks,2017-2018,681
Arkansas Razorbacks,2018-2019,751
Arkansas State Red Wolves,2014-2015,514
Arkansas State Red Wolves,2015-2016,570
Arkansas State Red Wolves,2016-2017,579
Arkansas State Red Wolves,2017-2018,695
Arkansas State Red Wolves,2018-2019,709
Arkansas-Pine Bluff Golden Lions,2014-2015,613
Arkansas-Pine Bluff Golden Lions,2015-2016,666
Arkansas-Pine Bluff Golden Lions,2016-2017,621
Arkansas-Pine Bluff Golden Lions,2017-2018,660
Arkansas-Pine Bluff Golden Lions,2018-2019,574
Army Black Knights,2014-2015,697
Army Black Knights,2015-2016,877
Army Black Knights,2016-2017,825
Army Black Knights,2017-2018,771
Army Black Knights,2018-2019,864
Auburn Tigers,2014-2015,727
Auburn Tigers,2015-2016,799
Auburn Tigers,2016-2017,789
Auburn Tigers,2017-2018,908
Auburn Tigers,2018-2019,1113
Austin Peay Governors,2014-2015,513
Austin Peay Governors,2015-2016,645
Austin Peay Governors,2016-2017,640
Austin Peay Governors,2017-2018,592
Austin Peay Governors,2018-2019,702
Ball State Cardinals,2014-2015,684
Ball State Cardinals,2015-2016,818
Ball State Cardinals,2016-2017,841
Ball State Cardinals,2017-2018,727
Ball State Cardinals,2018-2019,621
Baylor Bears,2014-2015,626
Baylor Bears,2015-2016,572
Baylor Bears,2016-2017,641
Baylor Bears,2017-2018,608
Baylor Bears,2018-2019,803
Belmont Bruins,2014-2015,866
Belmont Bruins,2015-2016,931
Belmont Bruins,2016-2017,895
Belmont Bruins,2017-2018,1005
Belmont Bruins,2018-2019,921
Bethune-Cookman Wildcats,2014-2015,542
Bethune-Cookman Wildcats,2015-2016,787
Bethune-Cookman Wildcats,2016-2017,712
Bethune-Cookman Wildcats,2017-2018,759
Bethune-Cookman Wildcats,2018-2019,635
Binghamton Bearcats,2014-2015,554
Binghamton Bearcats,2015-2016,599
Binghamton Bearcats,2016-2017,685
Binghamton Bearcats,2017-2018,671
Binghamton Bearcats,2018-2019,788
Boise State Broncos,2014-2015,758
Boise State Broncos,2015-2016,788
Boise State Broncos,2016-2017,726
Boise State Broncos,2017-2018,809
Boise State Broncos,2018-2019,715
Boston College Eagles,2014-2015,638
Boston College Eagles,2015-2016,708
Boston College Eagles,2016-2017,685
Boston College Eagles,2017-2018,831
Boston College Eagles,2018-2019,687
Boston University Terriers,2014-2015,631
Boston University Terriers,2015-2016,748
Boston University Terriers,2016-2017,773
Boston University Terriers,2017-2018,614
Boston University Terriers,2018-2019,639
Bowling Green State Falcons,2014-2015,647
Bowling Green State Falcons,2015-2016,563
Bowling Green State Falcons,2016-2017,644
Bowling Green State Falcons,2017-2018,690
Bowling Green State Falcons,2018-2019,762
Bradley Braves,2014-2015,594
Bradley Braves,2015-2016,590
Bradley Braves,2016-2017,609
Bradley Braves,2017-2018,613
Bradley Braves,2018-2019,653
Brown Bears,2014-2015,549
Brown Bears,2015-2016,639
Brown Bears,2016-2017,665
Brown Bears,2017-2018,588
Brown Bears,2018-2019,720
Bryant Bulldogs,2014-2015,653
Bryant Bulldogs,2015-2016,615
Bryant Bulldogs,2016-2017,701
Bryant Bulldogs,2017-2018,755
Bryant Bulldogs,2018-2019,708
Bucknell Bison,2014-2015,605
Bucknell Bison,2015-2016,639
Bucknell Bison,2016-2017,754
Bucknell Bison,2017-2018,804
Bucknell Bison,2018-2019,885
Buffalo Bulls,2014-2015,583
Buffalo Bulls,2015-2016,776
Buffalo Bulls,2016-2017,727
Buffalo Bulls,2017-2018,948
Buffalo Bulls,2018-2019,1022
Butler Bulldogs,2014-2015,540
Butler Bulldogs,2015-2016,601
Butler Bulldogs,2016-2017,714
Butler Bulldogs,2017-2018,805
Butler Bulldogs,2018-2019,827
BYU Cougars,2014-2015,763
BYU Cougars,2015-2016,863
BYU Cougars,2016-2017,668
BYU Cougars,2017-2018,649
BYU Cougars,2018-2019,684
Cal Poly Mustangs,2014-2015,533
Cal Poly Mustangs,2015-2016,681
Cal Poly Mustangs,2016-2017,758
Cal Poly Mustangs,2017-2018,746
Cal Poly Mustangs,2018-2019,687
Cal State Bakersfield Roadrunners,2014-2015,554
Cal State Bakersfield Roadrunners,2015-2016,524
Cal State Bakersfield Roadrunners,2016-2017,652
Cal State Bakersfield Roadrunners,2017-2018,613
Cal State Bakersfield Roadrunners,2018-2019,651
Cal State Fullerton Titans,2014-2015,523
Cal State Fullerton Titans,2015-2016,582
Cal State Fullerton Titans,2016-2017,631
Cal State Fullerton Titans,2017-2018,500
Cal State Fullerton Titans,2018-2019,589
Cal State Northridge Matadors,2014-2015,337
Cal State Northridge Matadors,2015-2016,425
Cal State Northridge Matadors,2016-2017,415
Cal State Northridge Matadors,2017-2018,514
Cal State Northridge Matadors,2018-2019,649
California Baptist,2018-2019,801
California Golden Bears,2014-2015,515
California Golden Bears,2015-2016,651
California Golden Bears,2016-2017,664
California Golden Bears,2017-2018,518
California Golden Bears,2018-2019,592
Campbell Fighting Camels,2014-2015,736
Campbell Fighting Camels,2015-2016,675
Campbell Fighting Camels,2016-2017,798
Campbell Fighting Camels,2017-2018,806
Campbell Fighting Camels,2018-2019,912
Canisius Golden Griffins,2014-2015,677
Canisius Golden Griffins,2015-2016,836
Canisius Golden Griffins,2016-2017,832
Canisius Golden Griffins,2017-2018,874
Canisius Golden Griffins,2018-2019,791
Central Arkansas Bears,2014-2015,556
Central Arkansas Bears,2015-2016,497
Central Arkansas Bears,2016-2017,613
Central Arkansas Bears,2017-2018,804
Central Arkansas Bears,2018-2019,784
Central Connecticut Blue Devils,2014-2015,454
Central Connecticut Blue Devils,2015-2016,480
Central Connecticut Blue Devils,2016-2017,418
Central Connecticut Blue Devils,2017-2018,601
Central Connecticut Blue Devils,2018-2019,612
Central Michigan Chippewas,2014-2015,864
Central Michigan Chippewas,2015-2016,917
Central Michigan Chippewas,2016-2017,1115
Central Michigan Chippewas,2017-2018,1037
Central Michigan Chippewas,2018-2019,822
Charleston Southern Buccaneers,2014-2015,845
Charleston Southern Buccaneers,2015-2016,810
Charleston Southern Buccaneers,2016-2017,669
Charleston Southern Buccaneers,2017-2018,631
Charleston Southern Buccaneers,2018-2019,924
Charlotte 49ers,2014-2015,533
Charlotte 49ers,2015-2016,696
Charlotte 49ers,2016-2017,630
Charlotte 49ers,2017-2018,563
Charlotte 49ers,2018-2019,615
Chattanooga Mocs,2014-2015,621
Chattanooga Mocs,2015-2016,729
Chattanooga Mocs,2016-2017,667
Chattanooga Mocs,2017-2018,776
Chattanooga Mocs,2018-2019,795
Chicago State Cougars,2014-2015,644
Chicago State Cougars,2015-2016,750
Chicago State Cougars,2016-2017,681
Chicago State Cougars,2017-2018,549
Chicago State Cougars,2018-2019,468
Cincinnati Bearcats,2014-2015,507
Cincinnati Bearcats,2015-2016,725
Cincinnati Bearcats,2016-2017,764
Cincinnati Bearcats,2017-2018,742
Cincinnati Bearcats,2018-2019,673
Citadel Bulldogs,2014-2015,515
Citadel Bulldogs,2015-2016,1121
Citadel Bulldogs,2016-2017,1165
Citadel Bulldogs,2017-2018,1133
Citadel Bulldogs,2018-2019,1076
Clemson Tigers,2014-2015,572
Clemson Tigers,2015-2016,678
Clemson Tigers,2016-2017,669
Clemson Tigers,2017-2018,786
Clemson Tigers,2018-2019,661
Cleveland State Vikings,2014-2015,646
Cleveland State Vikings,2015-2016,537
Cleveland State Vikings,2016-2017,709
Cleveland State Vikings,2017-2018,863
Cleveland State Vikings,2018-2019,820
Coastal Carolina Chanticleers,2014-2015,633
Coastal Carolina Chanticleers,2015-2016,716
Coastal Carolina Chanticleers,2016-2017,963
Coastal Carolina Chanticleers,2017-2018,660
Coastal Carolina Chanticleers,2018-2019,707
Colgate Raiders,2014-2015,649
Colgate Raiders,2015-2016,718
Colgate Raiders,2016-2017,732
Colgate Raiders,2017-2018,856
Colgate Raiders,2018-2019,815
College of Charleston Cougars,2014-2015,575
College of Charleston Cougars,2015-2016,595
College of Charleston Cougars,2016-2017,670
College of Charleston Cougars,2017-2018,720
College of Charleston Cougars,2018-2019,667
Colorado Buffaloes,2014-2015,535
Colorado Buffaloes,2015-2016,647
Colorado Buffaloes,2016-2017,718
Colorado Buffaloes,2017-2018,672
Colorado Buffaloes,2018-2019,675
Colorado State Rams,2014-2015,699
Colorado State Rams,2015-2016,896
Colorado State Rams,2016-2017,758
Colorado State Rams,2017-2018,684
Colorado State Rams,2018-2019,722
Columbia Lions,2014-2015,670
Columbia Lions,2015-2016,893
Columbia Lions,2016-2017,584
Columbia Lions,2017-2018,733
Columbia Lions,2018-2019,655
Coppin State Eagles,2014-2015,826
Coppin State Eagles,2015-2016,715
Coppin State Eagles,2016-2017,708
Coppin State Eagles,2017-2018,869
Coppin State Eagles,2018-2019,841
Cornell Big Red,2014-2015,579
Cornell Big Red,2015-2016,682
Cornell Big Red,2016-2017,720
Cornell Big Red,2017-2018,639
Cornell Big Red,2018-2019,732
Creighton Bluejays,2014-2015,759
Creighton Bluejays,2015-2016,804
Creighton Bluejays,2016-2017,766
Creighton Bluejays,2017-2018,923
Creighton Bluejays,2018-2019,931
Dartmouth Big Green,2014-2015,500
Dartmouth Big Green,2015-2016,458
Dartmouth Big Green,2016-2017,565
Dartmouth Big Green,2017-2018,557
Dartmouth Big Green,2018-2019,719
Davidson Wildcats,2014-2015,877
Davidson Wildcats,2015-2016,892
Davidson Wildcats,2016-2017,856
Davidson Wildcats,2017-2018,907
Davidson Wildcats,2018-2019,882
Dayton Flyers,2014-2015,670
Dayton Flyers,2015-2016,643
Dayton Flyers,2016-2017,671
Dayton Flyers,2017-2018,736
Dayton Flyers,2018-2019,617
Delaware Fightin' Blue Hens,2014-2015,576
Delaware Fightin' Blue Hens,2015-2016,517
Delaware Fightin' Blue Hens,2016-2017,643
Delaware Fightin' Blue Hens,2017-2018,584
Delaware Fightin' Blue Hens,2018-2019,746
Delaware State Hornets,2014-2015,798
Delaware State Hornets,2015-2016,698
Delaware State Hornets,2016-2017,727
Delaware State Hornets,2017-2018,591
Delaware State Hornets,2018-2019,789
Denver Pioneers,2014-2015,589
Denver Pioneers,2015-2016,613
Denver Pioneers,2016-2017,555
Denver Pioneers,2017-2018,527
Denver Pioneers,2018-2019,622
DePaul Blue Demons,2014-2015,705
DePaul Blue Demons,2015-2016,490
DePaul Blue Demons,2016-2017,564
DePaul Blue Demons,2017-2018,626
DePaul Blue Demons,2018-2019,608
Detroit Titans,2014-2015,602
Detroit Titans,2015-2016,651
Detroit Titans,2016-2017,675
Detroit Titans,2017-2018,815
Detroit Titans,2018-2019,825
Drake Bulldogs,2014-2015,490
Drake Bulldogs,2015-2016,559
Drake Bulldogs,2016-2017,782
Drake Bulldogs,2017-2018,795
Drake Bulldogs,2018-2019,773
Drexel Dragons,2014-2015,540
Drexel Dragons,2015-2016,517
Drexel Dragons,2016-2017,741
Drexel Dragons,2017-2018,699
Drexel Dragons,2018-2019,669
Duke Blue Devils,2014-2015,732
Duke Blue Devils,2015-2016,851
Duke Blue Devils,2016-2017,821
Duke Blue Devils,2017-2018,831
Duke Blue Devils,2018-2019,862
Duquesne Dukes,2014-2015,663
Duquesne Dukes,2015-2016,883
Duquesne Dukes,2016-2017,677
Duquesne Dukes,2017-2018,745
Duquesne Dukes,2018-2019,841
East Carolina Pirates,2014-2015,663
East Carolina Pirates,2015-2016,683
East Carolina Pirates,2016-2017,668
East Carolina Pirates,2017-2018,597
East Carolina Pirates,2018-2019,545
Eastern Illinois Panthers,2014-2015,643
Eastern Illinois Panthers,2015-2016,664
Eastern Illinois Panthers,2016-2017,696
Eastern Illinois Panthers,2017-2018,627
Eastern Illinois Panthers,2018-2019,735
Eastern Kentucky Colonels,2014-2015,837
Eastern Kentucky Colonels,2015-2016,653
Eastern Kentucky Colonels,2016-2017,733
Eastern Kentucky Colonels,2017-2018,638
Eastern Kentucky Colonels,2018-2019,832
Eastern Michigan Eagles,2014-2015,742
Eastern Michigan Eagles,2015-2016,602
Eastern Michigan Eagles,2016-2017,616
Eastern Michigan Eagles,2017-2018,698
Eastern Michigan Eagles,2018-2019,634
Eastern Washington Eagles,2014-2015,860
Eastern Washington Eagles,2015-2016,924
Eastern Washington Eagles,2016-2017,741
Eastern Washington Eagles,2017-2018,828
Eastern Washington Eagles,2018-2019,886
Elon Phoenix,2014-2015,684
Elon Phoenix,2015-2016,885
Elon Phoenix,2016-2017,868
Elon Phoenix,2017-2018,966
Elon Phoenix,2018-2019,942
ETSU Buccaneers,2014-2015,764
ETSU Buccaneers,2015-2016,779
ETSU Buccaneers,2016-2017,693
ETSU Buccaneers,2017-2018,711
ETSU Buccaneers,2018-2019,758
Evansville Purple Aces,2014-2015,431
Evansville Purple Aces,2015-2016,448
Evansville Purple Aces,2016-2017,347
Evansville Purple Aces,2017-2018,448
Evansville Purple Aces,2018-2019,776
Fairfield Stags,2014-2015,614
Fairfield Stags,2015-2016,827
Fairfield Stags,2016-2017,782
Fairfield Stags,2017-2018,893
Fairfield Stags,2018-2019,740
Fairleigh Dickinson Knights,2014-2015,628
Fairleigh Dickinson Knights,2015-2016,657
Fairleigh Dickinson Knights,2016-2017,606
Fairleigh Dickinson Knights,2017-2018,623
Fairleigh Dickinson Knights,2018-2019,672
Florida A&M Rattlers,2014-2015,421
Florida A&M Rattlers,2015-2016,555
Florida A&M Rattlers,2016-2017,538
Florida A&M Rattlers,2017-2018,616
Florida A&M Rattlers,2018-2019,489
Florida Atlantic Owls,2014-2015,610
Florida Atlantic Owls,2015-2016,678
Florida Atlantic Owls,2016-2017,639
Florida Atlantic Owls,2017-2018,551
Florida Atlantic Owls,2018-2019,895
Florida Gators,2014-2015,674
Florida Gators,2015-2016,810
Florida Gators,2016-2017,776
Florida Gators,2017-2018,832
Florida Gators,2018-2019,872
Florida Gulf Coast Eagles,2014-2015,585
Florida Gulf Coast Eagles,2015-2016,527
Florida Gulf Coast Eagles,2016-2017,636
Florida Gulf Coast Eagles,2017-2018,699
Florida Gulf Coast Eagles,2018-2019,724
Florida International Panthers,2014-2015,487
Florida International Panthers,2015-2016,499
Florida International Panthers,2016-2017,545
Florida International Panthers,2017-2018,632
Florida International Panthers,2018-2019,895
Florida State Seminoles,2014-2015,470
Florida State Seminoles,2015-2016,645
Florida State Seminoles,2016-2017,671
Florida State Seminoles,2017-2018,781
Florida State Seminoles,2018-2019,799
Fordham Rams,2014-2015,613
Fordham Rams,2015-2016,702
Fordham Rams,2016-2017,791
Fordham Rams,2017-2018,787
Fordham Rams,2018-2019,831
Fort Wayne Mastodons,2016-2017,876
Fort Wayne Mastodons,2017-2018,925
Fresno State Bulldogs,2014-2015,559
Fresno State Bulldogs,2015-2016,638
Fresno State Bulldogs,2016-2017,593
Fresno State Bulldogs,2017-2018,548
Fresno State Bulldogs,2018-2019,897
Furman Paladins,2014-2015,658
Furman Paladins,2015-2016,785
Furman Paladins,2016-2017,828
Furman Paladins,2017-2018,950
Furman Paladins,2018-2019,935
Gardner-Webb Runnin' Bulldogs,2014-2015,823
Gardner-Webb Runnin' Bulldogs,2015-2016,807
Gardner-Webb Runnin' Bulldogs,2016-2017,552
Gardner-Webb Runnin' Bulldogs,2017-2018,676
Gardner-Webb Runnin' Bulldogs,2018-2019,719
George Mason Patriots,2014-2015,406
George Mason Patriots,2015-2016,589
George Mason Patriots,2016-2017,542
George Mason Patriots,2017-2018,705
George Mason Patriots,2018-2019,637
George Washington Colonials,2014-2015,545
George Washington Colonials,2015-2016,726
George Washington Colonials,2016-2017,743
George Washington Colonials,2017-2018,561
George Washington Colonials,2018-2019,631
Georgetown Hoyas,2014-2015,569
Georgetown Hoyas,2015-2016,770
Georgetown Hoyas,2016-2017,590
Georgetown Hoyas,2017-2018,618
Georgetown Hoyas,2018-2019,757
Georgia Bulldogs,2014-2015,538
Georgia Bulldogs,2015-2016,598
Georgia Bulldogs,2016-2017,538
Georgia Bulldogs,2017-2018,632
Georgia Bulldogs,2018-2019,652
Georgia Southern Eagles,2014-2015,740
Georgia Southern Eagles,2015-2016,834
Georgia Southern Eagles,2016-2017,837
Georgia Southern Eagles,2017-2018,784
Georgia Southern Eagles,2018-2019,631
Georgia State Panthers,2014-2015,522
Georgia State Panthers,2015-2016,436
Georgia State Panthers,2016-2017,690
Georgia State Panthers,2017-2018,839
Georgia State Panthers,2018-2019,859
Georgia Tech Yellow Jackets,2014-2015,491
Georgia Tech Yellow Jackets,2015-2016,597
Georgia Tech Yellow Jackets,2016-2017,516
Georgia Tech Yellow Jackets,2017-2018,490
Georgia Tech Yellow Jackets,2018-2019,573
Gonzaga Bulldogs,2014-2015,660
Gonzaga Bulldogs,2015-2016,738
Gonzaga Bulldogs,2016-2017,749
Gonzaga Bulldogs,2017-2018,891
Gonzaga Bulldogs,2018-2019,745
Grambling Tigers,2014-2015,366
Grambling Tigers,2015-2016,556
Grambling Tigers,2016-2017,581
Grambling Tigers,2017-2018,470
Grambling Tigers,2018-2019,553
Grand Canyon Antelopes,2014-2015,594
Grand Canyon Antelopes,2015-2016,583
Grand Canyon Antelopes,2016-2017,619
Grand Canyon Antelopes,2017-2018,779
Grand Canyon Antelopes,2018-2019,777
Green Bay Phoenix,2014-2015,480
Green Bay Phoenix,2015-2016,730
Green Bay Phoenix,2016-2017,612
Green Bay Phoenix,2017-2018,813
Green Bay Phoenix,2018-2019,780
Hampton Pirates,2014-2015,638
Hampton Pirates,2015-2016,678
Hampton Pirates,2016-2017,620
Hampton Pirates,2017-2018,NA
Hampton Pirates,2018-2019,780
Hartford Hawks,2014-2015,722
Hartford Hawks,2015-2016,902
Hartford Hawks,2016-2017,777
Hartford Hawks,2017-2018,783
Hartford Hawks,2018-2019,846
Harvard Crimson,2014-2015,412
Harvard Crimson,2015-2016,569
Harvard Crimson,2016-2017,645
Harvard Crimson,2017-2018,729
Harvard Crimson,2018-2019,722
Hawaii Rainbow Warriors,2014-2015,702
Hawaii Rainbow Warriors,2015-2016,737
Hawaii Rainbow Warriors,2016-2017,658
Hawaii Rainbow Warriors,2017-2018,613
Hawaii Rainbow Warriors,2018-2019,751
High Point Panthers,2014-2015,535
High Point Panthers,2015-2016,487
High Point Panthers,2016-2017,520
High Point Panthers,2017-2018,456
High Point Panthers,2018-2019,583
Hofstra Pride,2014-2015,837
Hofstra Pride,2015-2016,812
Hofstra Pride,2016-2017,792
Hofstra Pride,2017-2018,693
Hofstra Pride,2018-2019,800
Holy Cross Crusaders,2014-2015,557
Holy Cross Crusaders,2015-2016,769
Holy Cross Crusaders,2016-2017,685
Holy Cross Crusaders,2017-2018,623
Holy Cross Crusaders,2018-2019,670
Houston Baptist Huskies,2014-2015,399
Houston Baptist Huskies,2015-2016,561
Houston Baptist Huskies,2016-2017,574
Houston Baptist Huskies,2017-2018,677
Houston Baptist Huskies,2018-2019,588
Houston Cougars,2014-2015,809
Houston Cougars,2015-2016,618
Houston Cougars,2016-2017,681
Houston Cougars,2017-2018,768
Houston Cougars,2018-2019,919
Howard Bison,2014-2015,501
Howard Bison,2015-2016,486
Howard Bison,2016-2017,591
Howard Bison,2017-2018,772
Howard Bison,2018-2019,669
Idaho State Bengals,2014-2015,420
Idaho State Bengals,2015-2016,687
Idaho State Bengals,2016-2017,660
Idaho State Bengals,2017-2018,637
Idaho State Bengals,2018-2019,752
Idaho Vandals,2014-2015,572
Idaho Vandals,2015-2016,591
Idaho Vandals,2016-2017,694
Idaho Vandals,2017-2018,679
Idaho Vandals,2018-2019,678
Illinois Fighting Illini,2014-2015,670
Illinois Fighting Illini,2015-2016,764
Illinois Fighting Illini,2016-2017,731
Illinois Fighting Illini,2017-2018,705
Illinois Fighting Illini,2018-2019,751
Illinois State Redbirds,2014-2015,615
Illinois State Redbirds,2015-2016,706
Illinois State Redbirds,2016-2017,797
Illinois State Redbirds,2017-2018,883
Illinois State Redbirds,2018-2019,734
Incarnate Word Cardinals,2014-2015,550
Incarnate Word Cardinals,2015-2016,622
Incarnate Word Cardinals,2016-2017,601
Incarnate Word Cardinals,2017-2018,493
Incarnate Word Cardinals,2018-2019,508
Indiana Hoosiers,2014-2015,786
Indiana Hoosiers,2015-2016,831
Indiana Hoosiers,2016-2017,776
Indiana Hoosiers,2017-2018,602
Indiana Hoosiers,2018-2019,658
Indiana State Sycamores,2014-2015,631
Indiana State Sycamores,2015-2016,692
Indiana State Sycamores,2016-2017,727
Indiana State Sycamores,2017-2018,748
Indiana State Sycamores,2018-2019,491
Iona Gaels,2014-2015,869
Iona Gaels,2015-2016,884
Iona Gaels,2016-2017,862
Iona Gaels,2017-2018,846
Iona Gaels,2018-2019,845
Iowa Hawkeyes,2014-2015,576
Iowa Hawkeyes,2015-2016,719
Iowa Hawkeyes,2016-2017,791
Iowa Hawkeyes,2017-2018,672
Iowa Hawkeyes,2018-2019,782
Iowa State Cyclones,2014-2015,726
Iowa State Cyclones,2015-2016,758
Iowa State Cyclones,2016-2017,860
Iowa State Cyclones,2017-2018,653
Iowa State Cyclones,2018-2019,811
IUPUI Jaguars,2014-2015,426
IUPUI Jaguars,2015-2016,549
IUPUI Jaguars,2016-2017,743
IUPUI Jaguars,2017-2018,600
IUPUI Jaguars,2018-2019,695
Jackson State Tigers,2014-2015,558
Jackson State Tigers,2015-2016,781
Jackson State Tigers,2016-2017,730
Jackson State Tigers,2017-2018,724
Jackson State Tigers,2018-2019,555
Jacksonville Dolphins,2014-2015,566
Jacksonville Dolphins,2015-2016,715
Jacksonville Dolphins,2016-2017,812
Jacksonville Dolphins,2017-2018,601
Jacksonville Dolphins,2018-2019,645
Jacksonville State Gamecocks,2014-2015,598
Jacksonville State Gamecocks,2015-2016,709
Jacksonville State Gamecocks,2016-2017,685
Jacksonville State Gamecocks,2017-2018,650
Jacksonville State Gamecocks,2018-2019,634
James Madison Dukes,2014-2015,613
James Madison Dukes,2015-2016,775
James Madison Dukes,2016-2017,629
James Madison Dukes,2017-2018,695
James Madison Dukes,2018-2019,671
Kansas Jayhawks,2014-2015,562
Kansas Jayhawks,2015-2016,728
Kansas Jayhawks,2016-2017,787
Kansas Jayhawks,2017-2018,974
Kansas Jayhawks,2018-2019,743
Kansas State Wildcats,2014-2015,421
Kansas State Wildcats,2015-2016,583
Kansas State Wildcats,2016-2017,683
Kansas State Wildcats,2017-2018,745
Kansas State Wildcats,2018-2019,721
Kennesaw State Owls,2014-2015,661
Kennesaw State Owls,2015-2016,508
Kennesaw State Owls,2016-2017,495
Kennesaw State Owls,2017-2018,438
Kennesaw State Owls,2018-2019,438
Kent State Golden Flashes,2014-2015,693
Kent State Golden Flashes,2015-2016,564
Kent State Golden Flashes,2016-2017,803
Kent State Golden Flashes,2017-2018,782
Kent State Golden Flashes,2018-2019,775
Kentucky Wildcats,2014-2015,582
Kentucky Wildcats,2015-2016,666
Kentucky Wildcats,2016-2017,757
Kentucky Wildcats,2017-2018,546
Kentucky Wildcats,2018-2019,574
La Salle Explorers,2014-2015,517
La Salle Explorers,2015-2016,762
La Salle Explorers,2016-2017,700
La Salle Explorers,2017-2018,710
La Salle Explorers,2018-2019,783
Lafayette Leopards,2014-2015,640
Lafayette Leopards,2015-2016,671
Lafayette Leopards,2016-2017,662
Lafayette Leopards,2017-2018,708
Lafayette Leopards,2018-2019,736
Lamar Cardinals,2014-2015,532
Lamar Cardinals,2015-2016,617
Lamar Cardinals,2016-2017,732
Lamar Cardinals,2017-2018,750
Lamar Cardinals,2018-2019,665
Lehigh Mountain Hawks,2014-2015,475
Lehigh Mountain Hawks,2015-2016,604
Lehigh Mountain Hawks,2016-2017,689
Lehigh Mountain Hawks,2017-2018,721
Lehigh Mountain Hawks,2018-2019,677
Liberty Flames,2014-2015,472
Liberty Flames,2015-2016,774
Liberty Flames,2016-2017,888
Liberty Flames,2017-2018,805
Liberty Flames,2018-2019,872
Lipscomb Bisons,2014-2015,770
Lipscomb Bisons,2015-2016,921
Lipscomb Bisons,2016-2017,928
Lipscomb Bisons,2017-2018,813
Lipscomb Bisons,2018-2019,798
Little Rock Trojans,2014-2015,636
Little Rock Trojans,2015-2016,693
Little Rock Trojans,2016-2017,599
Little Rock Trojans,2017-2018,623
Little Rock Trojans,2018-2019,581
LIU-Brooklyn Blackbirds,2014-2015,601
LIU-Brooklyn Blackbirds,2015-2016,602
LIU-Brooklyn Blackbirds,2016-2017,534
LIU-Brooklyn Blackbirds,2017-2018,815
LIU-Brooklyn Blackbirds,2018-2019,813
Long Beach State 49ers,2014-2015,672
Long Beach State 49ers,2015-2016,783
Long Beach State 49ers,2016-2017,616
Long Beach State 49ers,2017-2018,558
Long Beach State 49ers,2018-2019,630
Longwood Lancers,2014-2015,746
Longwood Lancers,2015-2016,650
Longwood Lancers,2016-2017,568
Longwood Lancers,2017-2018,691
Longwood Lancers,2018-2019,913
Louisiana Ragin' Cajuns,2014-2015,670
Louisiana Ragin' Cajuns,2015-2016,716
Louisiana Ragin' Cajuns,2016-2017,673
Louisiana Ragin' Cajuns,2017-2018,818
Louisiana Ragin' Cajuns,2018-2019,814
Louisiana Tech Bulldogs,2014-2015,756
Louisiana Tech Bulldogs,2015-2016,704
Louisiana Tech Bulldogs,2016-2017,711
Louisiana Tech Bulldogs,2017-2018,765
Louisiana Tech Bulldogs,2018-2019,756
Louisiana-Monroe Warhawks,2014-2015,634
Louisiana-Monroe Warhawks,2015-2016,636
Louisiana-Monroe Warhawks,2016-2017,713
Louisiana-Monroe Warhawks,2017-2018,801
Louisiana-Monroe Warhawks,2018-2019,853
Louisville Cardinals,2014-2015,644
Louisville Cardinals,2015-2016,536
Louisville Cardinals,2016-2017,670
Louisville Cardinals,2017-2018,754
Louisville Cardinals,2018-2019,860
Loyola (IL) Ramblers,2014-2015,571
Loyola (IL) Ramblers,2015-2016,565
Loyola (IL) Ramblers,2016-2017,665
Loyola (IL) Ramblers,2017-2018,700
Loyola (IL) Ramblers,2018-2019,564
Loyola (MD) Greyhounds,2014-2015,456
Loyola (MD) Greyhounds,2015-2016,530
Loyola (MD) Greyhounds,2016-2017,538
Loyola (MD) Greyhounds,2017-2018,509
Loyola (MD) Greyhounds,2018-2019,616
Loyola Marymount Lions,2014-2015,452
Loyola Marymount Lions,2015-2016,669
Loyola Marymount Lions,2016-2017,614
Loyola Marymount Lions,2017-2018,574
Loyola Marymount Lions,2018-2019,473
LSU Fighting Tigers,2014-2015,558
LSU Fighting Tigers,2015-2016,620
LSU Fighting Tigers,2016-2017,584
LSU Fighting Tigers,2017-2018,774
LSU Fighting Tigers,2018-2019,718
Maine Black Bears,2014-2015,609
Maine Black Bears,2015-2016,673
Maine Black Bears,2016-2017,665
Maine Black Bears,2017-2018,745
Maine Black Bears,2018-2019,647
Manhattan Jaspers,2014-2015,640
Manhattan Jaspers,2015-2016,643
Manhattan Jaspers,2016-2017,636
Manhattan Jaspers,2017-2018,598
Manhattan Jaspers,2018-2019,659
Marist Red Foxes,2014-2015,717
Marist Red Foxes,2015-2016,726
Marist Red Foxes,2016-2017,736
Marist Red Foxes,2017-2018,802
Marist Red Foxes,2018-2019,675
Marquette Golden Eagles,2014-2015,602
Marquette Golden Eagles,2015-2016,572
Marquette Golden Eagles,2016-2017,783
Marquette Golden Eagles,2017-2018,924
Marquette Golden Eagles,2018-2019,822
Marshall Thundering Herd,2014-2015,788
Marshall Thundering Herd,2015-2016,985
Marshall Thundering Herd,2016-2017,962
Marshall Thundering Herd,2017-2018,1012
Marshall Thundering Herd,2018-2019,984
Maryland Terrapins,2014-2015,687
Maryland Terrapins,2015-2016,739
Maryland Terrapins,2016-2017,757
Maryland Terrapins,2017-2018,617
Maryland Terrapins,2018-2019,707
Maryland-Eastern Shore Hawks,2014-2015,557
Maryland-Eastern Shore Hawks,2015-2016,610
Maryland-Eastern Shore Hawks,2016-2017,765
Maryland-Eastern Shore Hawks,2017-2018,725
Maryland-Eastern Shore Hawks,2018-2019,610
McNeese State Cowboys,2014-2015,620
McNeese State Cowboys,2015-2016,617
McNeese State Cowboys,2016-2017,587
McNeese State Cowboys,2017-2018,597
McNeese State Cowboys,2018-2019,547
Memphis Tigers,2014-2015,506
Memphis Tigers,2015-2016,635
Memphis Tigers,2016-2017,613
Memphis Tigers,2017-2018,634
Memphis Tigers,2018-2019,808
Mercer Bears,2014-2015,611
Mercer Bears,2015-2016,612
Mercer Bears,2016-2017,698
Mercer Bears,2017-2018,749
Mercer Bears,2018-2019,663
Miami (FL) Hurricanes,2014-2015,816
Miami (FL) Hurricanes,2015-2016,643
Miami (FL) Hurricanes,2016-2017,587
Miami (FL) Hurricanes,2017-2018,678
Miami (FL) Hurricanes,2018-2019,807
Miami (OH) RedHawks,2014-2015,546
Miami (OH) RedHawks,2015-2016,582
Miami (OH) RedHawks,2016-2017,647
Miami (OH) RedHawks,2017-2018,878
Miami (OH) RedHawks,2018-2019,831
Michigan State Spartans,2014-2015,763
Michigan State Spartans,2015-2016,739
Michigan State Spartans,2016-2017,732
Michigan State Spartans,2017-2018,725
Michigan State Spartans,2018-2019,769
Michigan Wolverines,2014-2015,696
Michigan Wolverines,2015-2016,901
Michigan Wolverines,2016-2017,937
Michigan Wolverines,2017-2018,1011
Michigan Wolverines,2018-2019,820
Middle Tennessee Blue Raiders,2014-2015,675
Middle Tennessee Blue Raiders,2015-2016,716
Middle Tennessee Blue Raiders,2016-2017,622
Middle Tennessee Blue Raiders,2017-2018,648
Middle Tennessee Blue Raiders,2018-2019,650
Milwaukee Panthers,2014-2015,624
Milwaukee Panthers,2015-2016,842
Milwaukee Panthers,2016-2017,782
Milwaukee Panthers,2017-2018,704
Milwaukee Panthers,2018-2019,692
Minnesota Golden Gophers,2014-2015,638
Minnesota Golden Gophers,2015-2016,616
Minnesota Golden Gophers,2016-2017,610
Minnesota Golden Gophers,2017-2018,630
Minnesota Golden Gophers,2018-2019,603
Mississippi State Bulldogs,2014-2015,434
Mississippi State Bulldogs,2015-2016,674
Mississippi State Bulldogs,2016-2017,711
Mississippi State Bulldogs,2017-2018,802
Mississippi State Bulldogs,2018-2019,774
Mississippi Valley State Delta Devils,2014-2015,519
Mississippi Valley State Delta Devils,2015-2016,590
Mississippi Valley State Delta Devils,2016-2017,508
Mississippi Valley State Delta Devils,2017-2018,568
Mississippi Valley State Delta Devils,2018-2019,554
Missouri State Bears,2014-2015,512
Missouri State Bears,2015-2016,533
Missouri State Bears,2016-2017,744
Missouri State Bears,2017-2018,707
Missouri State Bears,2018-2019,649
Missouri Tigers,2014-2015,596
Missouri Tigers,2015-2016,565
Missouri Tigers,2016-2017,739
Missouri Tigers,2017-2018,799
Missouri Tigers,2018-2019,727
Monmouth Hawks,2014-2015,506
Monmouth Hawks,2015-2016,770
Monmouth Hawks,2016-2017,813
Monmouth Hawks,2017-2018,574
Monmouth Hawks,2018-2019,565
Montana Grizzlies,2014-2015,737
Montana Grizzlies,2015-2016,680
Montana Grizzlies,2016-2017,667
Montana Grizzlies,2017-2018,549
Montana Grizzlies,2018-2019,762
Montana State Bobcats,2014-2015,687
Montana State Bobcats,2015-2016,797
Montana State Bobcats,2016-2017,853
Montana State Bobcats,2017-2018,731
Montana State Bobcats,2018-2019,818
Morehead State Eagles,2014-2015,639
Morehead State Eagles,2015-2016,593
Morehead State Eagles,2016-2017,568
Morehead State Eagles,2017-2018,631
Morehead State Eagles,2018-2019,762
Morgan State Bears,2014-2015,574
Morgan State Bears,2015-2016,535
Morgan State Bears,2016-2017,541
Morgan State Bears,2017-2018,NA
Morgan State Bears,2018-2019,521
Mount St. Mary's Mountaineers,2014-2015,691
Mount St. Mary's Mountaineers,2015-2016,713
Mount St. Mary's Mountaineers,2016-2017,730
Mount St. Mary's Mountaineers,2017-2018,853
Mount St. Mary's Mountaineers,2018-2019,723
Murray State Racers,2014-2015,679
Murray State Racers,2015-2016,621
Murray State Racers,2016-2017,803
Murray State Racers,2017-2018,719
Murray State Racers,2018-2019,731
Navy Midshipmen,2014-2015,518
Navy Midshipmen,2015-2016,470
Navy Midshipmen,2016-2017,670
Navy Midshipmen,2017-2018,622
Navy Midshipmen,2018-2019,656
NC State Wolfpack,2014-2015,661
NC State Wolfpack,2015-2016,595
NC State Wolfpack,2016-2017,635
NC State Wolfpack,2017-2018,707
NC State Wolfpack,2018-2019,811
Nebraska Cornhuskers,2014-2015,566
Nebraska Cornhuskers,2015-2016,634
Nebraska Cornhuskers,2016-2017,560
Nebraska Cornhuskers,2017-2018,670
Nebraska Cornhuskers,2018-2019,800
Nevada Wolf Pack,2014-2015,417
Nevada Wolf Pack,2015-2016,658
Nevada Wolf Pack,2016-2017,837
Nevada Wolf Pack,2017-2018,904
Nevada Wolf Pack,2018-2019,855
New Hampshire Wildcats,2014-2015,617
New Hampshire Wildcats,2015-2016,666
New Hampshire Wildcats,2016-2017,727
New Hampshire Wildcats,2017-2018,776
New Hampshire Wildcats,2018-2019,787
New Mexico Lobos,2014-2015,480
New Mexico Lobos,2015-2016,540
New Mexico Lobos,2016-2017,444
New Mexico Lobos,2017-2018,979
New Mexico Lobos,2018-2019,844
New Mexico State Aggies,2014-2015,450
New Mexico State Aggies,2015-2016,537
New Mexico State Aggies,2016-2017,747
New Mexico State Aggies,2017-2018,773
New Mexico State Aggies,2018-2019,977
New Orleans Privateers,2014-2015,366
New Orleans Privateers,2015-2016,480
New Orleans Privateers,2016-2017,438
New Orleans Privateers,2017-2018,444
New Orleans Privateers,2018-2019,566
Niagara Purple Eagles,2014-2015,524
Niagara Purple Eagles,2015-2016,589
Niagara Purple Eagles,2016-2017,667
Niagara Purple Eagles,2017-2018,758
Niagara Purple Eagles,2018-2019,738
Nicholls State Colonels,2014-2015,496
Nicholls State Colonels,2015-2016,694
Nicholls State Colonels,2016-2017,805
Nicholls State Colonels,2017-2018,729
Nicholls State Colonels,2018-2019,883
NJIT Highlanders,2014-2015,742
NJIT Highlanders,2015-2016,865
NJIT Highlanders,2016-2017,775
NJIT Highlanders,2017-2018,653
NJIT Highlanders,2018-2019,690
Norfolk State Spartans,2014-2015,549
Norfolk State Spartans,2015-2016,697
Norfolk State Spartans,2016-2017,663
Norfolk State Spartans,2017-2018,707
Norfolk State Spartans,2018-2019,742
North Alabama Lions,2018-2019,805
North Carolina A&T Aggies,2014-2015,555
North Carolina A&T Aggies,2015-2016,633
North Carolina A&T Aggies,2016-2017,610
North Carolina A&T Aggies,2017-2018,707
North Carolina A&T Aggies,2018-2019,649
North Carolina Central Eagles,2014-2015,593
North Carolina Central Eagles,2015-2016,576
North Carolina Central Eagles,2016-2017,761
North Carolina Central Eagles,2017-2018,640
North Carolina Central Eagles,2018-2019,694
North Dakota Fighting Hawks,2014-2015,543
North Dakota Fighting Hawks,2015-2016,565
North Dakota Fighting Hawks,2016-2017,585
North Dakota Fighting Hawks,2017-2018,685
North Dakota Fighting Hawks,2018-2019,647
North Dakota State Bison,2014-2015,600
North Dakota State Bison,2015-2016,630
North Dakota State Bison,2016-2017,630
North Dakota State Bison,2017-2018,778
North Dakota State Bison,2018-2019,910
North Florida Ospreys,2014-2015,810
North Florida Ospreys,2015-2016,1002
North Florida Ospreys,2016-2017,841
North Florida Ospreys,2017-2018,945
North Florida Ospreys,2018-2019,897
North Texas Mean Green,2014-2015,489
North Texas Mean Green,2015-2016,567
North Texas Mean Green,2016-2017,582
North Texas Mean Green,2017-2018,849
North Texas Mean Green,2018-2019,838
Northeastern Huskies,2014-2015,526
Northeastern Huskies,2015-2016,770
Northeastern Huskies,2016-2017,728
Northeastern Huskies,2017-2018,804
Northeastern Huskies,2018-2019,858
Northern Arizona Lumberjacks,2014-2015,734
Northern Arizona Lumberjacks,2015-2016,650
Northern Arizona Lumberjacks,2016-2017,746
Northern Arizona Lumberjacks,2017-2018,584
Northern Arizona Lumberjacks,2018-2019,749
Northern Colorado Bears,2014-2015,535
Northern Colorado Bears,2015-2016,545
Northern Colorado Bears,2016-2017,732
Northern Colorado Bears,2017-2018,930
Northern Colorado Bears,2018-2019,847
Northern Illinois Huskies,2014-2015,470
Northern Illinois Huskies,2015-2016,681
Northern Illinois Huskies,2016-2017,516
Northern Illinois Huskies,2017-2018,512
Northern Illinois Huskies,2018-2019,642
Northern Iowa Panthers,2014-2015,645
Northern Iowa Panthers,2015-2016,796
Northern Iowa Panthers,2016-2017,702
Northern Iowa Panthers,2017-2018,684
Northern Iowa Panthers,2018-2019,792
Northern Kentucky Norse,2014-2015,648
Northern Kentucky Norse,2015-2016,656
Northern Kentucky Norse,2016-2017,859
Northern Kentucky Norse,2017-2018,756
Northern Kentucky Norse,2018-2019,845
Northwestern State Demons,2014-2015,740
Northwestern State Demons,2015-2016,578
Northwestern State Demons,2016-2017,555
Northwestern State Demons,2017-2018,448
Northwestern State Demons,2018-2019,646
Northwestern Wildcats,2014-2015,635
Northwestern Wildcats,2015-2016,776
Northwestern Wildcats,2016-2017,747
Northwestern Wildcats,2017-2018,720
Northwestern Wildcats,2018-2019,745
Notre Dame Fighting Irish,2014-2015,775
Notre Dame Fighting Irish,2015-2016,700
Notre Dame Fighting Irish,2016-2017,869
Notre Dame Fighting Irish,2017-2018,838
Notre Dame Fighting Irish,2018-2019,863
Oakland Golden Grizzlies,2014-2015,716
Oakland Golden Grizzlies,2015-2016,794
Oakland Golden Grizzlies,2016-2017,738
Oakland Golden Grizzlies,2017-2018,782
Oakland Golden Grizzlies,2018-2019,816
Ohio Bobcats,2014-2015,637
Ohio Bobcats,2015-2016,767
Ohio Bobcats,2016-2017,742
Ohio Bobcats,2017-2018,661
Ohio Bobcats,2018-2019,633
Ohio State Buckeyes,2014-2015,637
Ohio State Buckeyes,2015-2016,655
Ohio State Buckeyes,2016-2017,592
Ohio State Buckeyes,2017-2018,678
Ohio State Buckeyes,2018-2019,775
Oklahoma Sooners,2014-2015,688
Oklahoma Sooners,2015-2016,906
Oklahoma Sooners,2016-2017,558
Oklahoma Sooners,2017-2018,836
Oklahoma Sooners,2018-2019,655
Oklahoma State Cowboys,2014-2015,647
Oklahoma State Cowboys,2015-2016,625
Oklahoma State Cowboys,2016-2017,732
Oklahoma State Cowboys,2017-2018,851
Oklahoma State Cowboys,2018-2019,753
Old Dominion Monarchs,2014-2015,636
Old Dominion Monarchs,2015-2016,528
Old Dominion Monarchs,2016-2017,485
Old Dominion Monarchs,2017-2018,639
Old Dominion Monarchs,2018-2019,756
Ole Miss Rebels,2014-2015,662
Ole Miss Rebels,2015-2016,746
Ole Miss Rebels,2016-2017,815
Ole Miss Rebels,2017-2018,788
Ole Miss Rebels,2018-2019,760
Omaha Mavericks,2014-2015,539
Omaha Mavericks,2015-2016,599
Omaha Mavericks,2016-2017,765
Omaha Mavericks,2017-2018,694
Omaha Mavericks,2018-2019,719
Oral Roberts Golden Eagles,2014-2015,575
Oral Roberts Golden Eagles,2015-2016,514
Oral Roberts Golden Eagles,2016-2017,588
Oral Roberts Golden Eagles,2017-2018,641
Oral Roberts Golden Eagles,2018-2019,734
Oregon Ducks,2014-2015,726
Oregon Ducks,2015-2016,758
Oregon Ducks,2016-2017,880
Oregon Ducks,2017-2018,908
Oregon Ducks,2018-2019,815
Oregon State Beavers,2014-2015,495
Oregon State Beavers,2015-2016,587
Oregon State Beavers,2016-2017,586
Oregon State Beavers,2017-2018,583
Oregon State Beavers,2018-2019,633
Pacific Tigers,2014-2015,584
Pacific Tigers,2015-2016,576
Pacific Tigers,2016-2017,560
Pacific Tigers,2017-2018,459
Pacific Tigers,2018-2019,564
Penn Quakers,2014-2015,448
Penn Quakers,2015-2016,657
Penn Quakers,2016-2017,690
Penn Quakers,2017-2018,831
Penn Quakers,2018-2019,803
Penn State Nittany Lions,2014-2015,679
Penn State Nittany Lions,2015-2016,665
Penn State Nittany Lions,2016-2017,679
Penn State Nittany Lions,2017-2018,759
Penn State Nittany Lions,2018-2019,693
Pepperdine Waves,2014-2015,463
Pepperdine Waves,2015-2016,469
Pepperdine Waves,2016-2017,482
Pepperdine Waves,2017-2018,542
Pepperdine Waves,2018-2019,819
Pitt Panthers,2014-2015,484
Pitt Panthers,2015-2016,589
Pitt Panthers,2016-2017,728
Pitt Panthers,2017-2018,795
Pitt Panthers,2018-2019,680
Portland Pilots,2014-2015,574
Portland Pilots,2015-2016,787
Portland Pilots,2016-2017,573
Portland Pilots,2017-2018,665
Portland Pilots,2018-2019,664
Portland State Vikings,2014-2015,507
Portland State Vikings,2015-2016,519
Portland State Vikings,2016-2017,697
Portland State Vikings,2017-2018,883
Portland State Vikings,2018-2019,769
Prairie View Panthers,2014-2015,532
Prairie View Panthers,2015-2016,467
Prairie View Panthers,2016-2017,678
Prairie View Panthers,2017-2018,752
Prairie View Panthers,2018-2019,703
Presbyterian Blue Hose,2014-2015,425
Presbyterian Blue Hose,2015-2016,502
Presbyterian Blue Hose,2016-2017,523
Presbyterian Blue Hose,2017-2018,772
Presbyterian Blue Hose,2018-2019,1001
Princeton Tigers,2014-2015,668
Princeton Tigers,2015-2016,736
Princeton Tigers,2016-2017,789
Princeton Tigers,2017-2018,767
Princeton Tigers,2018-2019,679
Providence Friars,2014-2015,546
Providence Friars,2015-2016,776
Providence Friars,2016-2017,645
Providence Friars,2017-2018,671
Providence Friars,2018-2019,690
Purdue Boilermakers,2014-2015,597
Purdue Boilermakers,2015-2016,731
Purdue Boilermakers,2016-2017,782
Purdue Boilermakers,2017-2018,840
Purdue Boilermakers,2018-2019,914
Purdue-Fort Wayne Mastodons,2014-2015,619
Purdue-Fort Wayne Mastodons,2015-2016,863
Purdue-Fort Wayne Mastodons,2018-2019,949
Quinnipiac Bobcats,2014-2015,537
Quinnipiac Bobcats,2015-2016,671
Quinnipiac Bobcats,2016-2017,700
Quinnipiac Bobcats,2017-2018,893
Quinnipiac Bobcats,2018-2019,923
Radford Highlanders,2014-2015,634
Radford Highlanders,2015-2016,658
Radford Highlanders,2016-2017,715
Radford Highlanders,2017-2018,793
Radford Highlanders,2018-2019,750
Rhode Island Rams,2014-2015,482
Rhode Island Rams,2015-2016,584
Rhode Island Rams,2016-2017,653
Rhode Island Rams,2017-2018,670
Rhode Island Rams,2018-2019,615
Rice Owls,2014-2015,797
Rice Owls,2015-2016,716
Rice Owls,2016-2017,840
Rice Owls,2017-2018,818
Rice Owls,2018-2019,793
Richmond Spiders,2014-2015,680
Richmond Spiders,2015-2016,674
Richmond Spiders,2016-2017,793
Richmond Spiders,2017-2018,664
Richmond Spiders,2018-2019,723
Rider Broncs,2014-2015,599
Rider Broncs,2015-2016,647
Rider Broncs,2016-2017,539
Rider Broncs,2017-2018,678
Rider Broncs,2018-2019,651
Robert Morris Colonials,2014-2015,590
Robert Morris Colonials,2015-2016,645
Robert Morris Colonials,2016-2017,574
Robert Morris Colonials,2017-2018,729
Robert Morris Colonials,2018-2019,789
Rutgers Scarlet Knights,2014-2015,515
Rutgers Scarlet Knights,2015-2016,503
Rutgers Scarlet Knights,2016-2017,502
Rutgers Scarlet Knights,2017-2018,500
Rutgers Scarlet Knights,2018-2019,612
Sacramento State Hornets,2014-2015,510
Sacramento State Hornets,2015-2016,618
Sacramento State Hornets,2016-2017,506
Sacramento State Hornets,2017-2018,570
Sacramento State Hornets,2018-2019,527
Sacred Heart Pioneers,2014-2015,529
Sacred Heart Pioneers,2015-2016,544
Sacred Heart Pioneers,2016-2017,597
Sacred Heart Pioneers,2017-2018,599
Sacred Heart Pioneers,2018-2019,681
Saint Francis (PA) Red Flash,2014-2015,677
Saint Francis (PA) Red Flash,2015-2016,607
Saint Francis (PA) Red Flash,2016-2017,709
Saint Francis (PA) Red Flash,2017-2018,670
Saint Francis (PA) Red Flash,2018-2019,724
Saint Louis Billikens,2014-2015,528
Saint Louis Billikens,2015-2016,607
Saint Louis Billikens,2016-2017,672
Saint Louis Billikens,2017-2018,573
Saint Louis Billikens,2018-2019,675
Saint Mary's Gaels,2014-2015,603
Saint Mary's Gaels,2015-2016,747
Saint Mary's Gaels,2016-2017,744
Saint Mary's Gaels,2017-2018,692
Saint Mary's Gaels,2018-2019,670
Sam Houston State Bearkats,2014-2015,808
Sam Houston State Bearkats,2015-2016,775
Sam Houston State Bearkats,2016-2017,671
Sam Houston State Bearkats,2017-2018,762
Sam Houston State Bearkats,2018-2019,840
Samford Bulldogs,2014-2015,588
Samford Bulldogs,2015-2016,548
Samford Bulldogs,2016-2017,707
Samford Bulldogs,2017-2018,774
Samford Bulldogs,2018-2019,687
San Diego State Aztecs,2014-2015,591
San Diego State Aztecs,2015-2016,687
San Diego State Aztecs,2016-2017,736
San Diego State Aztecs,2017-2018,709
San Diego State Aztecs,2018-2019,721
San Diego Toreros,2014-2015,562
San Diego Toreros,2015-2016,673
San Diego Toreros,2016-2017,741
San Diego Toreros,2017-2018,794
San Diego Toreros,2018-2019,808
San Francisco Dons,2014-2015,596
San Francisco Dons,2015-2016,659
San Francisco Dons,2016-2017,855
San Francisco Dons,2017-2018,986
San Francisco Dons,2018-2019,728
San Jose State Spartans,2014-2015,668
San Jose State Spartans,2015-2016,690
San Jose State Spartans,2016-2017,574
San Jose State Spartans,2017-2018,485
San Jose State Spartans,2018-2019,641
Santa Clara Broncos,2014-2015,636
Santa Clara Broncos,2015-2016,675
Santa Clara Broncos,2016-2017,832
Santa Clara Broncos,2017-2018,682
Santa Clara Broncos,2018-2019,663
Savannah State Tigers,2014-2015,412
Savannah State Tigers,2015-2016,647
Savannah State Tigers,2016-2017,1182
Savannah State Tigers,2017-2018,1304
Savannah State Tigers,2018-2019,1199
Seattle Redhawks,2014-2015,609
Seattle Redhawks,2015-2016,550
Seattle Redhawks,2016-2017,756
Seattle Redhawks,2017-2018,844
Seattle Redhawks,2018-2019,642
Seton Hall Pirates,2014-2015,609
Seton Hall Pirates,2015-2016,594
Seton Hall Pirates,2016-2017,598
Seton Hall Pirates,2017-2018,685
Seton Hall Pirates,2018-2019,741
Siena Saints,2014-2015,458
Siena Saints,2015-2016,585
Siena Saints,2016-2017,568
Siena Saints,2017-2018,600
Siena Saints,2018-2019,850
SIU-Edwardsville Cougars,2014-2015,521
SIU-Edwardsville Cougars,2015-2016,519
SIU-Edwardsville Cougars,2016-2017,486
SIU-Edwardsville Cougars,2017-2018,654
SIU-Edwardsville Cougars,2018-2019,665
SMU Mustangs,2014-2015,400
SMU Mustangs,2015-2016,462
SMU Mustangs,2016-2017,705
SMU Mustangs,2017-2018,741
SMU Mustangs,2018-2019,772
South Alabama Jaguars,2014-2015,640
South Alabama Jaguars,2015-2016,660
South Alabama Jaguars,2016-2017,702
South Alabama Jaguars,2017-2018,779
South Alabama Jaguars,2018-2019,761
South Carolina Gamecocks,2014-2015,599
South Carolina Gamecocks,2015-2016,614
South Carolina Gamecocks,2016-2017,733
South Carolina Gamecocks,2017-2018,708
South Carolina Gamecocks,2018-2019,662
South Carolina State Bulldogs,2014-2015,608
South Carolina State Bulldogs,2015-2016,589
South Carolina State Bulldogs,2016-2017,578
South Carolina State Bulldogs,2017-2018,614
South Carolina State Bulldogs,2018-2019,580
South Dakota Coyotes,2014-2015,589
South Dakota Coyotes,2015-2016,565
South Dakota Coyotes,2016-2017,657
South Dakota Coyotes,2017-2018,684
South Dakota Coyotes,2018-2019,665
South Dakota State Jackrabbits,2014-2015,732
South Dakota State Jackrabbits,2015-2016,715
South Dakota State Jackrabbits,2016-2017,883
South Dakota State Jackrabbits,2017-2018,927
South Dakota State Jackrabbits,2018-2019,802
South Florida Bulls,2014-2015,448
South Florida Bulls,2015-2016,465
South Florida Bulls,2016-2017,503
South Florida Bulls,2017-2018,573
South Florida Bulls,2018-2019,695
Southeast Missouri State Redhawks,2014-2015,553
Southeast Missouri State Redhawks,2015-2016,513
Southeast Missouri State Redhawks,2016-2017,716
Southeast Missouri State Redhawks,2017-2018,738
Southeast Missouri State Redhawks,2018-2019,719
Southeastern Louisiana Lions,2014-2015,591
Southeastern Louisiana Lions,2015-2016,648
Southeastern Louisiana Lions,2016-2017,593
Southeastern Louisiana Lions,2017-2018,712
Southeastern Louisiana Lions,2018-2019,696
Southern Illinois Salukis,2014-2015,418
Southern Illinois Salukis,2015-2016,618
Southern Illinois Salukis,2016-2017,554
Southern Illinois Salukis,2017-2018,604
Southern Illinois Salukis,2018-2019,570
Southern Jaguars,2014-2015,484
Southern Jaguars,2015-2016,610
Southern Jaguars,2016-2017,510
Southern Jaguars,2017-2018,524
Southern Jaguars,2018-2019,544
Southern Miss Golden Eagles,2014-2015,554
Southern Miss Golden Eagles,2015-2016,721
Southern Miss Golden Eagles,2016-2017,655
Southern Miss Golden Eagles,2017-2018,749
Southern Miss Golden Eagles,2018-2019,712
Southern Utah Thunderbirds,2014-2015,537
Southern Utah Thunderbirds,2015-2016,577
Southern Utah Thunderbirds,2016-2017,815
Southern Utah Thunderbirds,2017-2018,706
Southern Utah Thunderbirds,2018-2019,782
St. Bonaventure Bonnies,2014-2015,503
St. Bonaventure Bonnies,2015-2016,687
St. Bonaventure Bonnies,2016-2017,577
St. Bonaventure Bonnies,2017-2018,661
St. Bonaventure Bonnies,2018-2019,635
St. Francis (NY) Terriers,2014-2015,662
St. Francis (NY) Terriers,2015-2016,776
St. Francis (NY) Terriers,2016-2017,792
St. Francis (NY) Terriers,2017-2018,783
St. Francis (NY) Terriers,2018-2019,806
St. John's (NY) Red Storm,2014-2015,569
St. John's (NY) Red Storm,2015-2016,633
St. John's (NY) Red Storm,2016-2017,763
St. John's (NY) Red Storm,2017-2018,706
St. John's (NY) Red Storm,2018-2019,809
St. Joseph's Hawks,2014-2015,559
St. Joseph's Hawks,2015-2016,767
St. Joseph's Hawks,2016-2017,537
St. Joseph's Hawks,2017-2018,757
St. Joseph's Hawks,2018-2019,869
St. Peter's Peacocks,2014-2015,563
St. Peter's Peacocks,2015-2016,560
St. Peter's Peacocks,2016-2017,755
St. Peter's Peacocks,2017-2018,750
St. Peter's Peacocks,2018-2019,567
Stanford Cardinal,2014-2015,651
Stanford Cardinal,2015-2016,538
Stanford Cardinal,2016-2017,490
Stanford Cardinal,2017-2018,632
Stanford Cardinal,2018-2019,652
Stephen F. Austin Lumberjacks,2014-2015,692
Stephen F. Austin Lumberjacks,2015-2016,741
Stephen F. Austin Lumberjacks,2016-2017,605
Stephen F. Austin Lumberjacks,2017-2018,651
Stephen F. Austin Lumberjacks,2018-2019,588
Stetson Hatters,2014-2015,586
Stetson Hatters,2015-2016,773
Stetson Hatters,2016-2017,770
Stetson Hatters,2017-2018,726
Stetson Hatters,2018-2019,684
Stony Brook Seawolves,2014-2015,576
Stony Brook Seawolves,2015-2016,598
Stony Brook Seawolves,2016-2017,764
Stony Brook Seawolves,2017-2018,757
Stony Brook Seawolves,2018-2019,715
Syracuse Orange,2014-2015,515
Syracuse Orange,2015-2016,876
Syracuse Orange,2016-2017,791
Syracuse Orange,2017-2018,655
Syracuse Orange,2018-2019,823
TCU Horned Frogs,2014-2015,459
TCU Horned Frogs,2015-2016,558
TCU Horned Frogs,2016-2017,790
TCU Horned Frogs,2017-2018,694
TCU Horned Frogs,2018-2019,772
Temple Owls,2014-2015,772
Temple Owls,2015-2016,757
Temple Owls,2016-2017,807
Temple Owls,2017-2018,774
Temple Owls,2018-2019,748
Tennessee State Tigers,2014-2015,486
Tennessee State Tigers,2015-2016,517
Tennessee State Tigers,2016-2017,502
Tennessee State Tigers,2017-2018,664
Tennessee State Tigers,2018-2019,716
Tennessee Tech Golden Eagles,2014-2015,526
Tennessee Tech Golden Eagles,2015-2016,731
Tennessee Tech Golden Eagles,2016-2017,742
Tennessee Tech Golden Eagles,2017-2018,697
Tennessee Tech Golden Eagles,2018-2019,620
Tennessee Volunteers,2014-2015,586
Tennessee Volunteers,2015-2016,767
Tennessee Volunteers,2016-2017,579
Tennessee Volunteers,2017-2018,718
Tennessee Volunteers,2018-2019,690
Texas A&M Aggies,2014-2015,521
Texas A&M Aggies,2015-2016,824
Texas A&M Aggies,2016-2017,574
Texas A&M Aggies,2017-2018,700
Texas A&M Aggies,2018-2019,663
Texas A&M-Corpus Christi Islanders,2014-2015,499
Texas A&M-Corpus Christi Islanders,2015-2016,631
Texas A&M-Corpus Christi Islanders,2016-2017,588
Texas A&M-Corpus Christi Islanders,2017-2018,437
Texas A&M-Corpus Christi Islanders,2018-2019,621
Texas Longhorns,2014-2015,626
Texas Longhorns,2015-2016,681
Texas Longhorns,2016-2017,619
Texas Longhorns,2017-2018,766
Texas Longhorns,2018-2019,860
Texas Southern Tigers,2014-2015,574
Texas Southern Tigers,2015-2016,657
Texas Southern Tigers,2016-2017,693
Texas Southern Tigers,2017-2018,781
Texas Southern Tigers,2018-2019,790
Texas State Bobcats,2014-2015,506
Texas State Bobcats,2015-2016,459
Texas State Bobcats,2016-2017,657
Texas State Bobcats,2017-2018,648
Texas State Bobcats,2018-2019,744
Texas Tech Red Raiders,2014-2015,524
Texas Tech Red Raiders,2015-2016,534
Texas Tech Red Raiders,2016-2017,577
Texas Tech Red Raiders,2017-2018,702
Texas Tech Red Raiders,2018-2019,664
Texas-Arlington Mavericks,2014-2015,648
Texas-Arlington Mavericks,2015-2016,942
Texas-Arlington Mavericks,2016-2017,920
Texas-Arlington Mavericks,2017-2018,818
Texas-Arlington Mavericks,2018-2019,773
Texas-Rio Grande Valley Vaqueros,2014-2015,433
Texas-Rio Grande Valley Vaqueros,2015-2016,633
Texas-Rio Grande Valley Vaqueros,2016-2017,821
Texas-Rio Grande Valley Vaqueros,2017-2018,663
Texas-Rio Grande Valley Vaqueros,2018-2019,612
Toledo Rockets,2014-2015,533
Toledo Rockets,2015-2016,722
Toledo Rockets,2016-2017,724
Toledo Rockets,2017-2018,815
Toledo Rockets,2018-2019,860
Towson Tigers,2014-2015,429
Towson Tigers,2015-2016,574
Towson Tigers,2016-2017,499
Towson Tigers,2017-2018,582
Towson Tigers,2018-2019,550
Troy Trojans,2014-2015,577
Troy Trojans,2015-2016,675
Troy Trojans,2016-2017,867
Troy Trojans,2017-2018,866
Troy Trojans,2018-2019,704
Tulane Green Wave,2014-2015,610
Tulane Green Wave,2015-2016,719
Tulane Green Wave,2016-2017,683
Tulane Green Wave,2017-2018,663
Tulane Green Wave,2018-2019,670
Tulsa Golden Hurricane,2014-2015,586
Tulsa Golden Hurricane,2015-2016,671
Tulsa Golden Hurricane,2016-2017,683
Tulsa Golden Hurricane,2017-2018,710
Tulsa Golden Hurricane,2018-2019,652
UC-Davis Aggies,2014-2015,613
UC-Davis Aggies,2015-2016,463
UC-Davis Aggies,2016-2017,635
UC-Davis Aggies,2017-2018,572
UC-Davis Aggies,2018-2019,619
UC-Irvine Anteaters,2014-2015,558
UC-Irvine Anteaters,2015-2016,652
UC-Irvine Anteaters,2016-2017,734
UC-Irvine Anteaters,2017-2018,657
UC-Irvine Anteaters,2018-2019,701
UC-Riverside Highlanders,2014-2015,603
UC-Riverside Highlanders,2015-2016,716
UC-Riverside Highlanders,2016-2017,553
UC-Riverside Highlanders,2017-2018,597
UC-Riverside Highlanders,2018-2019,741
UCF Knights,2014-2015,577
UCF Knights,2015-2016,650
UCF Knights,2016-2017,748
UCF Knights,2017-2018,538
UCF Knights,2018-2019,628
UCLA Bruins,2014-2015,606
UCLA Bruins,2015-2016,551
UCLA Bruins,2016-2017,872
UCLA Bruins,2017-2018,813
UCLA Bruins,2018-2019,721
UConn Huskies,2014-2015,637
UConn Huskies,2015-2016,699
UConn Huskies,2016-2017,628
UConn Huskies,2017-2018,659
UConn Huskies,2018-2019,732
UCSB Gauchos,2014-2015,602
UCSB Gauchos,2015-2016,697
UCSB Gauchos,2016-2017,531
UCSB Gauchos,2017-2018,674
UCSB Gauchos,2018-2019,594
UIC Flames,2014-2015,629
UIC Flames,2015-2016,440
UIC Flames,2016-2017,746
UIC Flames,2017-2018,697
UIC Flames,2018-2019,856
UMass Minutemen,2014-2015,488
UMass Minutemen,2015-2016,709
UMass Minutemen,2016-2017,789
UMass Minutemen,2017-2018,732
UMass Minutemen,2018-2019,732
UMass-Lowell River Hawks,2014-2015,622
UMass-Lowell River Hawks,2015-2016,659
UMass-Lowell River Hawks,2016-2017,662
UMass-Lowell River Hawks,2017-2018,621
UMass-Lowell River Hawks,2018-2019,721
UMBC Retrievers,2014-2015,469
UMBC Retrievers,2015-2016,652
UMBC Retrievers,2016-2017,840
UMBC Retrievers,2017-2018,940
UMBC Retrievers,2018-2019,807
UMKC Kangaroos,2014-2015,649
UMKC Kangaroos,2015-2016,588
UMKC Kangaroos,2016-2017,848
UMKC Kangaroos,2017-2018,845
UMKC Kangaroos,2018-2019,728
UNC Asheville Bulldogs,2014-2015,652
UNC Asheville Bulldogs,2015-2016,603
UNC Asheville Bulldogs,2016-2017,670
UNC Asheville Bulldogs,2017-2018,703
UNC Asheville Bulldogs,2018-2019,687
UNC Greensboro Spartans,2014-2015,598
UNC Greensboro Spartans,2015-2016,815
UNC Greensboro Spartans,2016-2017,807
UNC Greensboro Spartans,2017-2018,938
UNC Greensboro Spartans,2018-2019,818
UNC Tar Heels,2014-2015,514
UNC Tar Heels,2015-2016,685
UNC Tar Heels,2016-2017,798
UNC Tar Heels,2017-2018,849
UNC Tar Heels,2018-2019,835
UNC Wilmington Seahawks,2014-2015,465
UNC Wilmington Seahawks,2015-2016,677
UNC Wilmington Seahawks,2016-2017,917
UNC Wilmington Seahawks,2017-2018,705
UNC Wilmington Seahawks,2018-2019,744
UNLV Rebels,2014-2015,639
UNLV Rebels,2015-2016,760
UNLV Rebels,2016-2017,666
UNLV Rebels,2017-2018,554
UNLV Rebels,2018-2019,745
USC Trojans,2014-2015,517
USC Trojans,2015-2016,688
USC Trojans,2016-2017,782
USC Trojans,2017-2018,788
USC Trojans,2018-2019,735
USC Upstate Spartans,2014-2015,863
USC Upstate Spartans,2015-2016,640
USC Upstate Spartans,2016-2017,821
USC Upstate Spartans,2017-2018,952
USC Upstate Spartans,2018-2019,819
UT-Martin Skyhawks,2014-2015,681
UT-Martin Skyhawks,2015-2016,789
UT-Martin Skyhawks,2016-2017,812
UT-Martin Skyhawks,2017-2018,650
UT-Martin Skyhawks,2018-2019,726
Utah State Aggies,2014-2015,591
Utah State Aggies,2015-2016,695
Utah State Aggies,2016-2017,646
Utah State Aggies,2017-2018,870
Utah State Aggies,2018-2019,772
Utah Utes,2014-2015,654
Utah Utes,2015-2016,746
Utah Utes,2016-2017,609
Utah Utes,2017-2018,870
Utah Utes,2018-2019,806
Utah Valley Wolverines,2014-2015,566
Utah Valley Wolverines,2015-2016,730
Utah Valley Wolverines,2016-2017,937
Utah Valley Wolverines,2017-2018,692
Utah Valley Wolverines,2018-2019,719
UTEP Miners,2014-2015,506
UTEP Miners,2015-2016,618
UTEP Miners,2016-2017,517
UTEP Miners,2017-2018,667
UTEP Miners,2018-2019,621
UTSA Roadrunners,2014-2015,587
UTSA Roadrunners,2015-2016,691
UTSA Roadrunners,2016-2017,608
UTSA Roadrunners,2017-2018,979
UTSA Roadrunners,2018-2019,855
Valparaiso Crusaders,2014-2015,620
Valparaiso Crusaders,2015-2016,829
Valparaiso Crusaders,2016-2017,670
Valparaiso Crusaders,2017-2018,623
Valparaiso Crusaders,2018-2019,585
Vanderbilt Commodores,2014-2015,651
Vanderbilt Commodores,2015-2016,714
Vanderbilt Commodores,2016-2017,921
Vanderbilt Commodores,2017-2018,819
Vanderbilt Commodores,2018-2019,739
VCU Rams,2014-2015,854
VCU Rams,2015-2016,745
VCU Rams,2016-2017,602
VCU Rams,2017-2018,778
VCU Rams,2018-2019,771
Vermont Catamounts,2014-2015,513
Vermont Catamounts,2015-2016,666
Vermont Catamounts,2016-2017,621
Vermont Catamounts,2017-2018,649
Vermont Catamounts,2018-2019,761
Villanova Wildcats,2014-2015,837
Villanova Wildcats,2015-2016,959
Villanova Wildcats,2016-2017,843
Villanova Wildcats,2017-2018,1158
Villanova Wildcats,2018-2019,1081
Virginia Cavaliers,2014-2015,483
Virginia Cavaliers,2015-2016,557
Virginia Cavaliers,2016-2017,602
Virginia Cavaliers,2017-2018,645
Virginia Cavaliers,2018-2019,709
Virginia Tech Hokies,2014-2015,619
Virginia Tech Hokies,2015-2016,575
Virginia Tech Hokies,2016-2017,720
Virginia Tech Hokies,2017-2018,745
Virginia Tech Hokies,2018-2019,805
VMI Keydets,2014-2015,1078
VMI Keydets,2015-2016,783
VMI Keydets,2016-2017,786
VMI Keydets,2017-2018,704
VMI Keydets,2018-2019,898
Wagner Seahawks,2014-2015,574
Wagner Seahawks,2015-2016,617
Wagner Seahawks,2016-2017,552
Wagner Seahawks,2017-2018,769
Wagner Seahawks,2018-2019,773
Wake Forest Demon Deacons,2014-2015,614
Wake Forest Demon Deacons,2015-2016,618
Wake Forest Demon Deacons,2016-2017,697
Wake Forest Demon Deacons,2017-2018,644
Wake Forest Demon Deacons,2018-2019,640
Washington Huskies,2014-2015,579
Washington Huskies,2015-2016,752
Washington Huskies,2016-2017,639
Washington Huskies,2017-2018,664
Washington Huskies,2018-2019,780
Washington State Cougars,2014-2015,626
Washington State Cougars,2015-2016,530
Washington State Cougars,2016-2017,574
Washington State Cougars,2017-2018,905
Washington State Cougars,2018-2019,828
Weber State Wildcats,2014-2015,607
Weber State Wildcats,2015-2016,785
Weber State Wildcats,2016-2017,749
Weber State Wildcats,2017-2018,672
Weber State Wildcats,2018-2019,684
West Virginia Mountaineers,2014-2015,719
West Virginia Mountaineers,2015-2016,643
West Virginia Mountaineers,2016-2017,759
West Virginia Mountaineers,2017-2018,911
West Virginia Mountaineers,2018-2019,820
Western Carolina Catamounts,2014-2015,576
Western Carolina Catamounts,2015-2016,730
Western Carolina Catamounts,2016-2017,592
Western Carolina Catamounts,2017-2018,703
Western Carolina Catamounts,2018-2019,800
Western Illinois Leathernecks,2014-2015,537
Western Illinois Leathernecks,2015-2016,490
Western Illinois Leathernecks,2016-2017,654
Western Illinois Leathernecks,2017-2018,527
Western Illinois Leathernecks,2018-2019,626
Western Kentucky Hilltoppers,2014-2015,685
Western Kentucky Hilltoppers,2015-2016,643
Western Kentucky Hilltoppers,2016-2017,606
Western Kentucky Hilltoppers,2017-2018,587
Western Kentucky Hilltoppers,2018-2019,608
Western Michigan Broncos,2014-2015,649
Western Michigan Broncos,2015-2016,569
Western Michigan Broncos,2016-2017,563
Western Michigan Broncos,2017-2018,678
Western Michigan Broncos,2018-2019,723
Wichita State Shockers,2014-2015,670
Wichita State Shockers,2015-2016,771
Wichita State Shockers,2016-2017,769
Wichita State Shockers,2017-2018,787
Wichita State Shockers,2018-2019,838
William & Mary Tribe,2014-2015,736
William & Mary Tribe,2015-2016,652
William & Mary Tribe,2016-2017,740
William & Mary Tribe,2017-2018,777
William & Mary Tribe,2018-2019,735
Winthrop Eagles,2014-2015,700
Winthrop Eagles,2015-2016,768
Winthrop Eagles,2016-2017,839
Winthrop Eagles,2017-2018,792
Winthrop Eagles,2018-2019,997
Wisconsin Badgers,2014-2015,790
Wisconsin Badgers,2015-2016,656
Wisconsin Badgers,2016-2017,788
Wisconsin Badgers,2017-2018,644
Wisconsin Badgers,2018-2019,672
Wofford Terriers,2014-2015,596
Wofford Terriers,2015-2016,662
Wofford Terriers,2016-2017,771
Wofford Terriers,2017-2018,865
Wofford Terriers,2018-2019,929
Wright State Raiders,2014-2015,571
Wright State Raiders,2015-2016,687
Wright State Raiders,2016-2017,749
Wright State Raiders,2017-2018,703
Wright State Raiders,2018-2019,818
Wyoming Cowboys,2014-2015,642
Wyoming Cowboys,2015-2016,857
Wyoming Cowboys,2016-2017,1055
Wyoming Cowboys,2017-2018,881
Wyoming Cowboys,2018-2019,720
Xavier Musketeers,2014-2015,666
Xavier Musketeers,2015-2016,702
Xavier Musketeers,2016-2017,776
Xavier Musketeers,2017-2018,736
Xavier Musketeers,2018-2019,740
Yale Bulldogs,2014-2015,595
Yale Bulldogs,2015-2016,523
Yale Bulldogs,2016-2017,582
Yale Bulldogs,2017-2018,759
Yale Bulldogs,2018-2019,634
Youngstown State Penguins,2014-2015,588
Youngstown State Penguins,2015-2016,704
Youngstown State Penguins,2016-2017,750
Youngstown State Penguins,2017-2018,712
Youngstown State Penguins,2018-2019,893
